Type an 'x' in this column to bookmark this school in the 'Programs' tab,School Name,"School DBN Code (Link to NYC School Finder)",Borough,Number of Programs at School,10th Grade Seats Offered?,School Type,"Neighborhood (Link to map of school address)","School Graduation Rate (Links to School Quality Snapshot)",Student Attendance Rate,Percent of students who feel safe,AP Courses Offered? (Link to AP Courses tab),Bilingual Programs at School?,CTE Offered? (Link to CTE Programs tab),Site Accessibility,DBN Ref,Bookmark
,Ò47Ó The American Sign Language and English Secondary School,02M047,M,1,Yes,,Gramercy,55%,88%,92%,Yes,,,Accessible,02M047,0
,A. Philip Randolph Campus High School,06M540,M,5,,,Manhattanville,83%,86%,82%,Yes,DL: Spanish,,Accessible,06M540,0
,Abraham Lincoln High School,21K410,BK,6,Yes,,West Brighton,66%,83%,75%,Yes,,Yes,Accessible,21K410,0
,Academy for Careers in Television and Film (ACTV),30Q301,Q,1,,,Hunters Point-Sunnyside,98%,94%,93%,Yes,,Yes,Accessible,30Q301,0
,Academy for College Preparation and Career Exploration: A College Board School,17K382,BK,1,,,Flatbush,59%,83%,65%,Yes,,,Accessible,17K382,0
,Academy for Conservation and the Environment,18K637,BK,1,Yes,,Canarsie,83%,85%,74%,Yes,,,Accessible,18K637,0
,Academy for Environmental Leadership,32K403,BK,1,,,Bushwick,70%,82%,80%,Yes,,,Accessible,32K403,0
,Academy for Health Careers,17K751,BK,1,Yes,,Crown Heights North,73%,84%,77%,,,Yes,Accessible,17K751,0
,Academy for Language and Technology,09X365,BX,3,,School for New Arrivals,University Heights-Morris Heights,94%,92%,95%,Yes,TBE: Spanish,Yes,Accessible,09X365,0
,Academy for Scholarship and Entrepreneurship: A College Board School,11X270,BX,1,Yes,,Williamsbridge-Olinville,70%,85%,72%,Yes,,Yes,Accessible,11X270,0
,Academy for Social Action,05M367,M,1,,,Manhattanville,58%,71%,77%,Yes,,,Not Accessible,05M367,0
,Academy for Software Engineering (AFSE),02M546,M,1,,,Gramercy,N/A,93%,88%,Yes,,Yes,Accessible,02M546,0
,Academy for Young Writers,19K404,BK,1,,,East New York,75%,89%,83%,Yes,TBE: Spanish,,Accessible,19K404,0
,Academy of American Studies,30Q575,Q,2,Yes,,Queensbridge-LIC,88%,94%,93%,Yes,,,Not Accessible,30Q575,0
,Academy of Finance and Enterprise,24Q264,Q,1,Yes,,Hunters Point-Sunnyside,94%,93%,91%,Yes,,Yes,Accessible,24Q264,0
,Academy of Hospitality and Tourism,17K408,BK,1,Yes,,Flatbush,63%,83%,73%,,,Yes,Accessible,17K408,0
,Academy of Innovative Technology,19K618,BK,1,,,Cypress Hills,78%,82%,86%,Yes,,Yes,Accessible,19K618,0
,Academy of Medical Technology: A College Board School,27Q309,Q,2,Yes,,Far Rockaway-Bayswater,64%,84%,83%,,,,Not Accessible,27Q309,0
,Academy of Urban Planning,32K552,BK,1,Yes,,Bushwick,55%,82%,79%,Yes,,,Accessible,32K552,0
,ACORN Community High School,13K499,BK,2,Yes,,Crown Heights North,49%,79%,78%,Yes,,,Accessible,13K499,0
,Alfred E. Smith Career and Technical Education High School,07X600,BX,3,,,Melrose S.-Mott Haven N.,70%,83%,77%,Yes,TBE: Spanish,Yes,Accessible,07X600,0
,All City Leadership Secondary School,32K554,BK,1,,,Bushwick,90%,94%,99%,Yes,,,Not Accessible,32K554,0
,Antonia Pantoja Preparatory Academy: A College Board School,08X376,BX,1,,,Castle Hill-Clason Point,61%,81%,69%,Yes,,,Accessible,08X376,0
,"Archimedes Academy for Math, Science and Technology Applications",08X367,BX,1,,,Castle Hill-Clason Point,58%,88%,81%,,,,Accessible,08X367,0
,Art and Design High School,02M630,M,3,Yes,,E. Midtown,85%,91%,91%,Yes,,Yes,Accessible,02M630,0
,Arts & Media Preparatory Academy,18K589,BK,1,,,Prospect Lefferts Gardens,48%,84%,86%,,,,Not Accessible,18K589,0
,Astor Collegiate Academy,11X299,BX,1,Yes,,Bronxdale,71%,88%,70%,Yes,,,Accessible,11X299,0
,August Martin High School,27Q400,Q,2,Yes,,Springfield Gardens North,25%,79%,73%,Yes,,Yes,Accessible,27Q400,0
,Automotive High School,14K610,BK,5,Yes,,Williamsburg,46%,81%,79%,Yes,,Yes,Accessible,14K610,0
,Aviation Career & Technical Education High School,24Q610,Q,2,,,Hunters Point-Sunnyside,91%,95%,90%,Yes,,Yes,Accessible,24Q610,0
,Baccalaureate School for Global Education,30Q580,Q,1,Yes,,Queensbridge-LIC,100%,97%,97%,,,,Accessible,30Q580,0
,Banana Kelly High School,08X530,BX,1,Yes,,Longwood,41%,72%,70%,,,,Not Accessible,08X530,0
,Bard High School Early College,01M696,M,1,Yes,Early College,Lower East Side,97%,96%,99%,,,,Not Accessible,01M696,0
,Bard High School Early College Queens,24Q299,Q,1,Yes,Early College,Hunters Point-Sunnyside,98%,97%,99%,,,,Accessible,24Q299,0
,Baruch College Campus High School,02M411,M,1,Yes,,Chelsea-Union Sq,100%,98%,94%,Yes,,,Accessible,02M411,0
,Bayside High School,26Q495,Q,7,Yes,,Bayside-Bayside Hills,92%,93%,81%,Yes,,Yes,Not Accessible,26Q495,0
,Beacon High School,03M479,M,1,Yes,Performance Assessment School,Clinton,100%,96%,98%,Yes,,,Accessible,03M479,0
,Bedford Academy High School,13K595,BK,2,,,Bedford-Stuyvesant,96%,96%,91%,Yes,,,Accessible,13K595,0
,Belmont Preparatory High School,10X434,BX,1,,,Belmont,61%,90%,86%,Yes,,,Accessible,10X434,0
,Benjamin Banneker Academy,13K670,BK,4,Yes,,Clinton Hill,92%,90%,86%,Yes,,,Accessible,13K670,0
,Benjamin Franklin High School for Finance & Information Technology,29Q313,Q,1,Yes,,Cambria Heights,N/A,92%,66%,,,Yes,Accessible,29Q313,0
,Benjamin N. Cardozo High School,26Q415,Q,5,Yes,,Oakland Gardens,91%,93%,77%,Yes,,,Accessible,26Q415,0
,Boys and Girls High School,16K455,BK,4,Yes,,Bedford-Stuyvesant,50%,78%,80%,,,Yes,Accessible,16K455,0
,Bronx Academy for Software Engineering (BASE),10X264,BX,1,,,Belmont,N/A,89%,85%,Yes,,Yes,Not Accessible,10X264,0
,Bronx Academy of Health Careers,11X290,BX,1,Yes,,Williamsbridge-Olinville,70%,89%,70%,,,,Accessible,11X290,0
,Bronx Aerospace High School,11X545,BX,1,Yes,,Williamsbridge-Olinville,68%,81%,73%,Yes,DL: Spanish,,Accessible,11X545,0
,Bronx Bridges High School,08X432,BX,1,,,Castle Hill-Clason Point,57%,83%,83%,Yes,TBE: Spanish,,Accessible,08X432,0
,Bronx Career and College Preparatory High School,12X479,BX,1,Yes,,Longwood,46%,79%,85%,,,,Accessible,12X479,0
,Bronx Center for Science and Mathematics,09X260,BX,1,,,Claremont-Bathgate,90%,92%,91%,Yes,,,Not Accessible,09X260,0
,Bronx Collaborative High School,10X351,BX,1,Yes,Performance Assessment School,Van Cortlandt Village,N/A,72%,87%,,TBE: Spanish,,Accessible,10X351,0
,Bronx Collegiate Academy,09X227,BX,1,Yes,,E. Concourse-Concourse Village,55%,80%,79%,Yes,,,Accessible,09X227,0
,Bronx Compass High School,08X561,BX,1,Yes,,Castle Hill-Clason Point,N/A,80%,88%,,,,Accessible,08X561,0
,Bronx Design and Construction Academy,07X522,BX,2,,,Melrose S.-Mott Haven N.,53%,81%,86%,Yes,,Yes,Accessible,07X522,0
,Bronx Early College Academy for Teaching & Learning,09X324,BX,1,Yes,,E. Concourse-Concourse Village,97%,86%,90%,,,,Not Accessible,09X324,0
,Bronx Engineering and Technology Academy,10X213,BX,1,,,Spuyten Duyvil-Kingsbridge,70%,84%,77%,Yes,,Yes,Accessible,10X213,0
,Bronx Envision Academy,12X511,BX,1,Yes,,Crotona Park East,74%,82%,78%,Yes,,,Not Accessible,12X511,0
,Bronx Guild,08X452,BX,1,Yes,,Castle Hill-Clason Point,57%,74%,82%,,,,Accessible,08X452,0
,Bronx Health Sciences High School,11X249,BX,1,,,Co-op City,97%,93%,90%,,,,Accessible,11X249,0
,Bronx High School for Law and Community Service,10X439,BX,2,,,Belmont,73%,83%,84%,Yes,,Yes,Accessible,10X439,0
,Bronx High School for Medical Science,09X413,BX,1,Yes,,E. Concourse-Concourse Village,85%,93%,84%,,,,Accessible,09X413,0
,Bronx High School for the Visual Arts,11X418,BX,2,Yes,,Pelham Parkway,52%,86%,84%,Yes,,Yes,Accessible,11X418,0
,Bronx High School for Writing and Communication Arts,11X253,BX,1,,,Williamsbridge-Olinville,51%,83%,82%,Yes,,,Accessible,11X253,0
,Bronx High School of Business,09X412,BX,2,Yes,,E. Concourse-Concourse Village,39%,79%,77%,,TBE: Spanish,Yes,Accessible,09X412,0
,Bronx High School of Science,10X445,BX,1,Yes,Specialized HS,Van Cortlandt Village,99%,97%,93%,Yes,,,Accessible,10X445,0
,Bronx International High School,09X403,BX,1,Yes,"Performance Assessment School, School for New Arrivals",Morrisania-Melrose,72%,84%,87%,Yes,,Yes,Accessible,09X403,0
,Bronx Lab School,11X265,BX,1,Yes,Performance Assessment School,Williamsbridge-Olinville,83%,86%,70%,,,,Accessible,11X265,0
,Bronx Latin,12X267,BX,1,,,Longwood,85%,90%,93%,Yes,,,Accessible,12X267,0
,Bronx Leadership Academy High School,09X525,BX,1,Yes,,Claremont-Bathgate,56%,82%,63%,Yes,,,Accessible,09X525,0
,Bronx Leadership Academy II High School,07X527,BX,1,Yes,,E. Concourse-Concourse Village,60%,85%,95%,Yes,,,Accessible,07X527,0
,Bronx River High School,08X349,BX,1,Yes,,Schuylerville-Throgs Neck,N/A,88%,74%,,,,Accessible,08X349,0
,"Bronx School for Law, Government and Justice",09X505,BX,2,Yes,,E. Concourse-Concourse Village,76%,90%,80%,Yes,,,Accessible,09X505,0
,Bronx School of Law and Finance,10X284,BX,1,Yes,,Spuyten Duyvil-Kingsbridge,64%,82%,81%,Yes,,Yes,Accessible,10X284,0
,Bronx Studio School for Writers and Artists,08X269,BX,1,,,Hunts Point,70%,86%,83%,Yes,,,Not Accessible,08X269,0
,Bronx Theatre High School,10X546,BX,2,Yes,,Spuyten Duyvil-Kingsbridge,64%,81%,69%,Yes,,,Accessible,10X546,0
,Bronxdale High School,11X508,BX,1,,,Bronxdale,78%,85%,75%,Yes,,Yes,Accessible,11X508,0
,Brooklyn Academy of Science and the Environment,17K547,BK,1,Yes,,Crown Heights South,75%,91%,75%,Yes,,,Accessible,17K547,0
,Brooklyn College Academy,22K555,BK,1,Yes,Early College,Windsor Terrace,99%,96%,95%,,,,Accessible,22K555,0
,Brooklyn Collegiate: A College Board School,23K493,BK,1,Yes,,Ocean Hill,64%,79%,84%,Yes,,,Accessible,23K493,0
,"Brooklyn Community High School of Communication, Arts and Media (BCAM)",13K412,BK,1,Yes,,Clinton Hill,78%,84%,86%,Yes,,,Not Accessible,13K412,0
,Brooklyn Frontiers High School,15K423,BK,1,,Transfer School,DUMBO-Downtown Brooklyn,N/A,78%,79%,,,,Not Accessible,15K423,0
,Brooklyn Generation School,18K566,BK,1,Yes,,Canarsie,68%,92%,81%,Yes,,,Accessible,18K566,0
,Brooklyn High School for Law and Technology,16K498,BK,2,Yes,,Bedford-Stuyvesant,73%,90%,76%,Yes,,Yes,Accessible,16K498,0
,Brooklyn High School of the Arts,15K656,BK,5,Yes,,DUMBO-Downtown Brooklyn,93%,91%,78%,Yes,,,Accessible,15K656,0
,Brooklyn Institute for Liberal Arts (BILA),17K745,BK,1,,,Prospect Lefferts Gardens,N/A,94%,87%,Yes,,,Not Accessible,17K745,0
,Brooklyn International High School,13K439,BK,1,,"Performance Assessment School, School for New Arrivals",DUMBO-Downtown Brooklyn,90%,94%,93%,,,,Accessible,13K439,0
,Brooklyn Lab School,19K639,BK,1,Yes,,Cypress Hills,54%,74%,83%,Yes,,,Accessible,19K639,0
,"Brooklyn Latin School, The",14K449,BK,1,Yes,Specialized HS,East Williamsburg,98%,94%,93%,,,,Not Accessible,14K449,0
,Brooklyn Preparatory High School,14K488,BK,1,Yes,,Williamsburg,86%,90%,,Yes,,,Accessible,14K488,0
,Brooklyn School for Music & Theatre,17K548,BK,1,Yes,,Crown Heights South,83%,89%,65%,Yes,,Yes,Accessible,17K548,0
,Brooklyn Secondary School for Collaborative Studies,15K448,BK,1,Yes,Performance Assessment School,Carroll Gardens-Red Hook,89%,85%,88%,,,,Not Accessible,15K448,0
,Brooklyn Studio Secondary School,21K690,BK,3,,,Bensonhurst West,75%,90%,85%,Yes,,Yes,Not Accessible,21K690,0
,Brooklyn Technical High School,13K430,BK,1,Yes,Specialized HS,Fort Greene,97%,97%,92%,Yes,,Yes,Accessible,13K430,0
,Brooklyn Theatre Arts High School,18K567,BK,1,Yes,,Canarsie,70%,85%,80%,Yes,,Yes,Accessible,18K567,0
,Bushwick Leaders High School for Academic Excellence,32K556,BK,1,,,Bushwick,65%,82%,87%,,,,Not Accessible,32K556,0
,Bushwick School for Social Justice,32K549,BK,1,Yes,,Bushwick,69%,80%,83%,Yes,,,Accessible,32K549,0
,Business Of Sports School (BOSS),02M393,M,1,Yes,,Clinton,70%,85%,88%,Yes,,Yes,Not Accessible,02M393,0
,Business Technology Early College High School (BTECH),26Q315,Q,1,Yes,"Early College, 9-14 School",Bellerose,N/A,94%,89%,,,Yes,Accessible,26Q315,0
,Cambria Heights Academy,29Q326,Q,1,Yes,,Jamaica,73%,87%,76%,Yes,,Yes,Not Accessible,29Q326,0
,"Celia Cruz Bronx High School of Music, The",10X442,BX,3,Yes,,Van Cortlandt Village,92%,90%,82%,Yes,,,Accessible,10X442,0
,Central Park East High School,04M555,M,1,Yes,,East Harlem South,98%,94%,96%,Yes,,,Not Accessible,04M555,0
,Channel View School for Research,27Q262,Q,1,,,Breezy Point-Rockaway Park,85%,90%,91%,Yes,,,Accessible,27Q262,0
,Chelsea Career and Technical Education High School,02M615,M,2,Yes,,SoHo-Tribeca,88%,88%,92%,Yes,,Yes,Not Accessible,02M615,0
,City College Academy of the Arts,06M293,M,1,Yes,Early College,Washington Heights N.,95%,94%,92%,,,,Accessible,06M293,0
,"City Polytechnic High School of Engineering, Architecture, and Technology",13K674,BK,1,,"Early College, 9-14 School",DUMBO-Downtown Brooklyn,89%,88%,84%,,,Yes,Accessible,13K674,0
,Civic Leadership Academy,24Q293,Q,1,Yes,,Elmhurst,87%,90%,96%,Yes,,,Accessible,24Q293,0
,Clara Barton High School,17K600,BK,3,Yes,,Crown Heights South,69%,88%,59%,Yes,"DL: Haitian Creole, Russian; TBE: Haitian Creole",Yes,Accessible,17K600,0
,Claremont International HS,09X564,BX,1,,"Performance Assessment School, School for New Arrivals",E. Concourse-Concourse Village,N/A,89%,75%,Yes,,,Accessible,09X564,0
,"Clinton School Writers & Artists, M.S. 260",02M260,M,1,Yes,,Chelsea-Union Sq,N/A,97%,97%,,,,Accessible,02M260,0
,Coalition School for Social Change,04M409,M,1,Yes,,East Harlem North,44%,80%,89%,Yes,,,Accessible,04M409,0
,Cobble Hill School of American Studies,15K519,BK,2,Yes,,DUMBO-Downtown Brooklyn,79%,83%,87%,Yes,,Yes,Not Accessible,15K519,0
,Collegiate Institute for Math and Science (CIMS),11X288,BX,1,Yes,,Bronxdale,82%,89%,74%,Yes,,,Accessible,11X288,0
,Columbia Secondary School,05M362,M,1,,,Morningside Heights,99%,96%,93%,Yes,,Yes,Accessible,05M362,0
,Community Health Academy of the Heights,06M346,M,1,,,Washington Heights S.,63%,81%,91%,Yes,,,Accessible,06M346,0
,Community School for Social Justice,07X427,BX,1,Yes,Performance Assessment School,West Concourse,55%,79%,92%,,,,Accessible,07X427,0
,Comprehensive Model School Project M.S. 327,09X327,BX,1,,,West Concourse,N/A,90%,91%,Yes,,,Accessible,09X327,0
,Crotona Academy High School,12X321,BX,1,Yes,Transfer School,Melrose S.-Mott Haven N.,N/A,54%,98%,,,,Not Accessible,12X321,0
,Crotona International High School,10X524,BX,1,,"Performance Assessment School, School for New Arrivals",Belmont,45%,88%,77%,,,Yes,Not Accessible,10X524,0
,CSI High School for International Studies,31R047,SI,1,Yes,,Todt Hill-Heartland Village,95%,95%,95%,Yes,,,Accessible,31R047,0
,Cultural Academy for the Arts and Sciences,18K629,BK,2,,,East Flatbush,61%,84%,74%,,,,Accessible,18K629,0
,Curtis High School,31R450,SI,10,Yes,,New Brighton-St. George,76%,86%,74%,Yes,TBE: Spanish,Yes,Accessible,31R450,0
,Cypress Hills Collegiate Preparatory School,19K659,BK,1,,,Cypress Hills,58%,78%,84%,Yes,,,Accessible,19K659,0
,DeWitt Clinton High School,10X440,BX,5,Yes,,Van Cortlandt Village,46%,81%,72%,Yes,TBE: Spanish,Yes,Accessible,10X440,0
,Digital Arts and Cinema Technology High School (Brooklyn School for Global Studies),15K429,BK,1,Yes,,DUMBO-Downtown Brooklyn,71%,85%,87%,Yes,,,Not Accessible,15K429,0
,Discovery High School,10X549,BX,1,Yes,,Van Cortlandt Village,60%,86%,84%,Yes,,,Accessible,10X549,0
,Dr. Susan S. McKinney Secondary School of the Arts,13K265,BK,5,Yes,,Fort Greene,51%,79%,79%,Yes,,,Not Accessible,13K265,0
,DreamYard Preparatory School,09X329,BX,1,Yes,,E. Concourse-Concourse Village,61%,79%,85%,Yes,,,Accessible,09X329,0
,Eagle Academy for Young Men,09X231,BX,1,Yes,Male Students Only,Claremont-Bathgate,71%,86%,69%,,,,Not Accessible,09X231,0
,Eagle Academy for Young Men II,23K644,BK,1,,Male Students Only,Ocean Hill,95%,91%,86%,Yes,,,Not Accessible,23K644,0
,Eagle Academy for Young Men III,29Q327,Q,1,Yes,Male Students Only,St. Albans,N/A,90%,74%,,,,Accessible,29Q327,0
,Eagle Academy for Young Men of Harlem,05M148,M,1,,Male Students Only,Central Harlem North,N/A,88%,88%,,,,Not Accessible,05M148,0
,East Bronx Academy for the Future,12X271,BX,1,,,Crotona Park East,78%,81%,86%,Yes,,,Accessible,12X271,0
,East New York Family Academy,19K409,BK,1,,,East New York,87%,88%,88%,Yes,,,Not Accessible,19K409,0
,East Side Community School,01M450,M,1,Yes,Performance Assessment School,East Village,86%,94%,94%,Yes,,,Not Accessible,01M450,0
,East-West School of International Studies,25Q281,Q,2,Yes,,Flushing,89%,91%,91%,Yes,,,Accessible,25Q281,0
,EBC High School for Public Service - Bushwick,32K545,BK,1,Yes,,Bushwick,63%,85%,86%,Yes,,,Accessible,32K545,0
,Edward R. Murrow High School,21K525,BK,7,Yes,,Midwood,82%,92%,85%,Yes,"TBE: Chinese, Spanish",Yes,Accessible,21K525,0
,El Puente Academy for Peace and Justice,14K685,BK,1,,Performance Assessment School,Williamsburg,66%,85%,94%,,,,Not Accessible,14K685,0
,Eleanor Roosevelt High School,02M416,M,1,Yes,,Lenox Hill,100%,97%,98%,Yes,,,Accessible,02M416,0
,Energy Tech High School,30Q258,Q,1,Yes,"Early College, 9-14 School",Queensbridge-LIC,N/A,95%,93%,,,Yes,Not Accessible,30Q258,0
,Epic High School - North,27Q334,Q,1,,,Richmond Hill,N/A,92%,94%,,,,Not Accessible,27Q334,0
,Epic High School - South,27Q314,Q,1,,,South Ozone Park,N/A,88%,87%,,,,Accessible,27Q314,0
,Esperanza Preparatory Academy,04M372,M,1,,,East Harlem South,N/A,85%,85%,Yes,DL: Spanish,,Accessible,04M372,0
,Essex Street Academy,02M294,M,1,Yes,Performance Assessment School,Chinatown,84%,86%,93%,Yes,,,Not Accessible,02M294,0
,Excelsior Preparatory High School,29Q265,Q,1,,,Springfield Gardens North,75%,90%,76%,,,,Accessible,29Q265,0
,Eximius College Preparatory Academy: A College Board School,09X250,BX,1,,,Claremont-Bathgate,85%,89%,81%,Yes,,,Not Accessible,09X250,0
,Expeditionary Learning School for Community Leaders,21K572,BK,1,,Performance Assessment School,Gravesend,82%,88%,90%,Yes,,,Accessible,21K572,0
,Explorations Academy,12X251,BX,1,Yes,,Crotona Park East,59%,82%,86%,Yes,,,Not Accessible,12X251,0
,"Facing History School, The",02M303,M,1,Yes,Performance Assessment School,Clinton,67%,83%,93%,,,,Accessible,02M303,0
,Fannie Lou Hamer Freedom High School,12X682,BX,1,Yes,Performance Assessment School,Crotona Park East,66%,82%,88%,Yes,,,Accessible,12X682,0
,FDNY Ð Captain Vernon A. Richards High School for Fire and Life Safety,19K502,BK,1,,,East New York,74%,81%,82%,,,Yes,Not Accessible,19K502,0
,"Felisa Rincon de Gautier Institute for Law and Public Policy, The",08X519,BX,2,Yes,,Castle Hill-Clason Point,46%,79%,70%,,,Yes,Accessible,08X519,0
,Fiorello H. LaGuardia High School of Music & Art and Performing Arts,03M485,M,6,Yes,Specialized HS,Lincoln Square,98%,95%,94%,Yes,,Yes,Accessible,03M485,0
,Flushing High School,25Q460,Q,4,Yes,,Flushing,58%,83%,71%,Yes,"TBE: Chinese, Spanish",Yes,Not Accessible,25Q460,0
,Flushing International High School,25Q263,Q,1,,"Performance Assessment School, School for New Arrivals",Murray Hill,72%,92%,89%,,,,Not Accessible,25Q263,0
,Food and Finance High School,02M288,M,1,Yes,,Clinton,81%,89%,86%,Yes,,Yes,Accessible,02M288,0
,Fordham High School for the Arts,10X437,BX,1,Yes,,Belmont,91%,93%,92%,Yes,,Yes,Accessible,10X437,0
,Fordham Leadership Academy for Business and Technology,10X438,BX,1,Yes,,Belmont,49%,83%,80%,Yes,,,Accessible,10X438,0
,Forest Hills High School,28Q440,Q,6,Yes,,Forest Hills,88%,91%,85%,Yes,,Yes,Accessible,28Q440,0
,Fort Hamilton High School,20K490,BK,6,Yes,,Bay Ridge,74%,93%,81%,Yes,"TBE: Arabic, Chinese, Spanish",Yes,Accessible,20K490,0
,Francis Lewis High School,26Q430,Q,5,Yes,,Auburndale,88%,93%,90%,Yes,TBE: Chinese,Yes,Accessible,26Q430,0
,Frank McCourt High School,03M417,M,1,Yes,,Upper West Side,92%,94%,86%,,,,Accessible,03M417,0
,Frank Sinatra School of the Arts High School,30Q501,Q,6,Yes,,Astoria,97%,95%,98%,Yes,,Yes,Accessible,30Q501,0
,Franklin Delano Roosevelt High School,20K505,BK,6,Yes,,Borough Park,63%,85%,85%,Yes,"TBE: Chinese, Spanish",,Not Accessible,20K505,0
,Frederick Douglass Academy,05M499,M,2,Yes,,Central Harlem North,69%,89%,74%,Yes,,,Accessible,05M499,0
,Frederick Douglass Academy II Secondary School,03M860,M,2,Yes,,Central Harlem South,64%,80%,77%,Yes,,,Accessible,03M860,0
,Frederick Douglass Academy III Secondary School,09X517,BX,1,,,Claremont-Bathgate,67%,80%,86%,Yes,,,Not Accessible,09X517,0
,Frederick Douglass Academy IV Secondary School,16K393,BK,1,,,Bedford-Stuyvesant,71%,79%,89%,,,,Not Accessible,16K393,0
,Frederick Douglass Academy VI High School,27Q260,Q,1,Yes,,Far Rockaway-Bayswater,45%,83%,80%,,,,Not Accessible,27Q260,0
,Frederick Douglass Academy VII High School,23K514,BK,1,Yes,,Brownsville,57%,78%,80%,Yes,,,Accessible,23K514,0
,Gaynor McCown Expeditionary Learning School,31R064,SI,1,Yes,,Todt Hill-Heartland Village,81%,91%,90%,Yes,,,Accessible,31R064,0
,George Washington Carver High School for the Sciences,29Q272,Q,2,,,Springfield Gardens North,74%,90%,79%,Yes,,Yes,Accessible,29Q272,0
,George Westinghouse Career and Technical Education High School,13K605,BK,5,Yes,,DUMBO-Downtown Brooklyn,74%,86%,81%,Yes,,Yes,Accessible,13K605,0
,Gotham Professional Arts Academy,16K594,BK,1,Yes,Performance Assessment School,Bedford-Stuyvesant,57%,78%,89%,,,,Not Accessible,16K594,0
,Gramercy Arts High School,02M374,M,2,Yes,,Gramercy,89%,87%,83%,Yes,,,Accessible,02M374,0
,Green School: An Academy for Environmental Careers,14K454,BK,3,Yes,,East Williamsburg,65%,84%,86%,Yes,TBE: Spanish,,Not Accessible,14K454,0
,Greenpoint Art and Technical High School (Frances Perkins Academy),14K632,BK,2,Yes,,Williamsburg,73%,85%,92%,,TBE: Spanish,,Accessible,14K632,0
,Gregorio Luperon High School for Science and Mathematics,06M552,M,1,,School for New Arrivals,Washington Heights S.,76%,91%,94%,Yes,TBE: Spanish,,Accessible,06M552,0
,Grover Cleveland High School,24Q485,Q,6,Yes,,Ridgewood,63%,82%,78%,Yes,TBE: Spanish,Yes,Accessible,24Q485,0
,Harry S Truman High School,11X455,BX,7,Yes,,Co-op City,63%,89%,70%,Yes,,Yes,Accessible,11X455,0
,Harvest Collegiate High School,02M534,M,1,Yes,Performance Assessment School,West Village,N/A,91%,86%,Yes,,,Not Accessible,02M534,0
,Health Opportunities High School,07X670,BX,1,Yes,,West Concourse,61%,79%,83%,Yes,,,Accessible,07X670,0
,Herbert H. Lehman High School,08X405,BX,3,Yes,,Schuylerville-Throgs Neck,40%,79%,69%,Yes,,Yes,Accessible,08X405,0
,"Heritage School, The",04M680,M,1,Yes,,East Harlem South,61%,83%,74%,Yes,,,Accessible,04M680,0
,"HERO High (Health, Education, and Research Occupations High School)",07X259,BX,1,Yes,"Early College, 9-14 School",Mott Haven-Port Morris,N/A,84%,75%,,,Yes,Accessible,07X259,0
,High School for Arts and Business,24Q550,Q,1,Yes,,Corona,90%,90%,96%,Yes,TBE: Spanish,Yes,Not Accessible,24Q550,0
,High School for Civil Rights,19K504,BK,1,Yes,,East New York,68%,75%,90%,,,,Not Accessible,19K504,0
,High School for Community Leadership,28Q328,Q,1,,,Briarwood-Jamaica Hills,84%,83%,91%,Yes,,,Not Accessible,28Q328,0
,"High School for Construction Trades, Engineering and Architecture",27Q650,Q,3,Yes,,Richmond Hill,95%,94%,91%,Yes,,Yes,Accessible,27Q650,0
,High School for Contemporary Arts,11X544,BX,2,Yes,,Williamsbridge-Olinville,60%,79%,60%,,,,Accessible,11X544,0
,High School for Dual Language and Asian Studies,02M545,M,1,,,Chinatown,97%,98%,95%,Yes,DL: Chinese; TBE: Chinese,,Not Accessible,02M545,0
,High School for Energy and Technology,10X565,BX,1,,,Belmont,N/A,86%,78%,,,Yes,Not Accessible,10X565,0
,High School for Environmental Studies,02M400,M,2,Yes,,Clinton,82%,89%,88%,Yes,,,Accessible,02M400,0
,High School for Excellence and Innovation,06M423,M,1,,Transfer School,Inwood,N/A,67%,92%,Yes,TBE: Spanish,,Not Accessible,06M423,0
,High School for Health Careers and Sciences,06M468,M,1,Yes,,Washington Heights N.,70%,86%,84%,Yes,TBE: Spanish,,Accessible,06M468,0
,High School for Health Professions and Human Services,02M420,M,2,Yes,,Gramercy,90%,92%,92%,Yes,,Yes,Accessible,02M420,0
,High School for Innovation in Advertising and Media,18K617,BK,1,,,Canarsie,80%,87%,86%,Yes,,Yes,Not Accessible,18K617,0
,High School for Law and Public Service,06M467,M,1,,,Washington Heights N.,63%,88%,76%,Yes,TBE: Spanish,Yes,Accessible,06M467,0
,High School for Law Enforcement and Public Safety,28Q690,Q,1,,,Baisley Park,74%,93%,74%,Yes,,,Accessible,28Q690,0
,"High School for Law, Advocacy and Community Justice",03M492,M,1,Yes,,Lincoln Square,73%,85%,74%,Yes,,,Accessible,03M492,0
,"High School for Mathematics, Science and Engineering at City College (HSMSE)",05M692,M,1,Yes,Specialized HS,Manhattanville,98%,96%,97%,Yes,,Yes,Accessible,05M692,0
,High School for Media and Communications,06M463,M,1,,,Washington Heights N.,55%,83%,79%,Yes,TBE: Spanish,,Accessible,06M463,0
,High School for Medical Professions,18K633,BK,1,Yes,,Canarsie,95%,92%,84%,Yes,,,Not Accessible,18K633,0
,High School for Public Service: Heroes of Tomorrow,17K546,BK,3,Yes,,Prospect Lefferts Gardens,96%,92%,89%,Yes,,,Not Accessible,17K546,0
,High School for Service & Learning at Erasmus,17K539,BK,1,Yes,,Flatbush,69%,87%,76%,Yes,,,Accessible,17K539,0
,High School for Teaching and the Professions,10X433,BX,1,Yes,,Van Cortlandt Village,59%,82%,84%,Yes,,Yes,Accessible,10X433,0
,High School for Violin and Dance,09X543,BX,1,,,Morrisania-Melrose,66%,79%,74%,Yes,,,Accessible,09X543,0
,High School for Youth and Community Development at Erasmus,17K537,BK,2,Yes,,Flatbush,80%,89%,79%,Yes,,,Accessible,17K537,0
,High School of American Studies at Lehman College,10X696,BX,1,Yes,Specialized HS,Van Cortlandt Village,99%,97%,97%,Yes,,,Accessible,10X696,0
,High School of Applied Communication,24Q267,Q,1,,,Hunters Point-Sunnyside,82%,88%,91%,Yes,,,Accessible,24Q267,0
,High School of Arts and Technology,03M494,M,2,Yes,,Lincoln Square,64%,77%,76%,Yes,,,Accessible,03M494,0
,High School of Computers and Technology,11X275,BX,1,,,Williamsbridge-Olinville,77%,87%,87%,Yes,,Yes,Accessible,11X275,0
,High School of Economics and Finance,02M489,M,1,,,Lower Manhattan,74%,89%,85%,Yes,,Yes,Accessible,02M489,0
,High School of Hospitality Management,02M296,M,1,,,Clinton,82%,85%,90%,Yes,,,Accessible,02M296,0
,High School of Language and Innovation,11X509,BX,1,Yes,School for New Arrivals,Bronxdale,73%,89%,76%,Yes,,,Accessible,11X509,0
,High School of Sports Management,21K348,BK,1,Yes,,Gravesend,71%,81%,80%,Yes,,,Accessible,21K348,0
,High School of Telecommunication Arts and Technology,20K485,BK,1,Yes,,Bay Ridge,88%,93%,95%,Yes,,Yes,Accessible,20K485,0
,High School of World Cultures,12X550,BX,1,Yes,School for New Arrivals,West Farms-Bronx River,56%,85%,74%,Yes,DL: Spanish,,Accessible,12X550,0
,Hillcrest High School,28Q505,Q,8,Yes,,Briarwood-Jamaica Hills,76%,90%,100%,Yes,TBE: Spanish,Yes,Accessible,28Q505,0
,Hillside Arts & Letters Academy,28Q325,Q,1,,,Briarwood-Jamaica Hills,81%,86%,89%,Yes,,,Not Accessible,28Q325,0
,Holcombe L. Rucker School of Community Research,08X332,BX,1,Yes,,Longwood,59%,85%,84%,Yes,,,Not Accessible,08X332,0
,Hostos-Lincoln Academy of Science,07X500,BX,1,Yes,Early College,Melrose S.-Mott Haven N.,83%,92%,79%,,,,Accessible,07X500,0
,Hudson High School of Learning Technologies,02M437,M,1,Yes,,Chelsea-Union Sq,73%,83%,84%,,,,Accessible,02M437,0
,Humanities & Arts Magnet High School,29Q498,Q,2,Yes,,Cambria Heights,76%,88%,74%,Yes,,,Accessible,29Q498,0
,Humanities Preparatory Academy,02M605,M,1,,"Performance Assessment School, Transfer School",Chelsea-Union Sq,N/A,85%,97%,,,,Accessible,02M605,0
,Independence High School,02M544,M,1,Yes,Transfer School,Clinton,N/A,60%,100%,,,,Accessible,02M544,0
,Information Technology High School,30Q502,Q,1,Yes,,Hunters Point-Sunnyside,78%,90%,81%,Yes,,Yes,Accessible,30Q502,0
,Institute for Collaborative Education (ICE),02M407,M,1,,Performance Assessment School,Gramercy,93%,92%,91%,,,,Accessible,02M407,0
,Institute for Health Professions at Cambria Heights,29Q243,Q,1,Yes,Performance Assessment School,Cambria Heights,N/A,91%,87%,,,Yes,Accessible,29Q243,0
,In-Tech Academy (M.S. / High School 368),10X368,BX,1,,,Spuyten Duyvil-Kingsbridge,84%,93%,80%,Yes,,Yes,Accessible,10X368,0
,International Community High School,07X334,BX,1,Yes,"Performance Assessment School, School for New Arrivals",Mott Haven-Port Morris,58%,83%,84%,,,,Not Accessible,07X334,0
,International High School at Lafayette,21K337,BK,1,Yes,"Performance Assessment School, School for New Arrivals",Gravesend,77%,91%,79%,,,,Accessible,21K337,0
,International High School at LaGuardia Community College,24Q530,Q,1,Yes,"Performance Assessment School, School for New Arrivals, Early College",Hunters Point-Sunnyside,85%,92%,97%,,,,Accessible,24Q530,0
,International High School at Prospect Heights,17K524,BK,1,Yes,"Performance Assessment School, School for New Arrivals",Crown Heights South,70%,87%,85%,,,,Accessible,17K524,0
,International High School at Union Square,02M438,M,1,Yes,"Performance Assessment School, School for New Arrivals",Gramercy,54%,84%,81%,,,,Accessible,02M438,0
,International High School for Health Sciences,24Q236,Q,1,Yes,"Performance Assessment School, School for New Arrivals",Elmhurst,N/A,93%,82%,,,Yes,Not Accessible,24Q236,0
,International School for Liberal Arts,10X342,BX,1,,,Van Cortlandt Village,67%,93%,84%,Yes,TBE: Spanish,,Accessible,10X342,0
,Inwood Early College for Health and Information Technologies,06M211,M,1,Yes,"Early College, 9-14 School",Inwood,N/A,92%,91%,,,Yes,Not Accessible,06M211,0
,It Takes a Village Academy,18K563,BK,3,Yes,,East Flatbush,92%,92%,73%,Yes,,,Accessible,18K563,0
,Jacqueline Kennedy Onassis High School,02M529,M,1,Yes,,Midtown,63%,80%,86%,Yes,,Yes,Accessible,02M529,0
,Jamaica Gateway to the Sciences,28Q350,Q,1,,,Briarwood-Jamaica Hills,90%,91%,86%,Yes,,,Not Accessible,28Q350,0
,James Madison High School,22K425,BK,3,Yes,,Madison,81%,92%,74%,Yes,,Yes,Accessible,22K425,0
,John Adams High School,27Q480,Q,8,Yes,,South Ozone Park,62%,83%,71%,Yes,"TBE: Bengali, Spanish",Yes,Accessible,27Q480,0
,John Bowne High School,25Q425,Q,5,Yes,,Kew Gardens Hills,70%,82%,74%,Yes,"TBE: Chinese, Spanish",Yes,Accessible,25Q425,0
,John Dewey High School,21K540,BK,6,Yes,,Gravesend,70%,86%,73%,Yes,TBE: Chinese,Yes,Not Accessible,21K540,0
,John Jay School for Law (Secondary School for Law),15K462,BK,1,Yes,,Park Slope-Gowanus,89%,86%,88%,Yes,,,Accessible,15K462,0
,Juan Morel Campos Secondary School,14K071,BK,4,Yes,,Williamsburg,48%,86%,83%,Yes,,,Accessible,14K071,0
,Khalil Gibran International Academy,15K592,BK,1,Yes,,DUMBO-Downtown Brooklyn,N/A,90%,86%,,,,Not Accessible,15K592,0
,Kingsborough Early College School,21K468,BK,1,,Early College,Gravesend,94%,91%,76%,Yes,,,Accessible,21K468,0
,Kingsbridge International High School,10X268,BX,1,,School for New Arrivals,Van Cortlandt Village,66%,87%,87%,,,,Accessible,10X268,0
,Knowledge and Power Preparatory Academy International High School (KAPPA),10X374,BX,2,Yes,,Belmont,79%,85%,89%,,TBE: Spanish,,Accessible,10X374,0
,Kurt Hahn Expeditionary Learning School,18K569,BK,1,Yes,Performance Assessment School,East Flatbush,76%,91%,82%,,,,Accessible,18K569,0
,Landmark High School,02M419,M,1,Yes,Performance Assessment School,Chelsea-Union Sq,52%,82%,87%,,,,Accessible,02M419,0
,Leadership and Public Service High School,02M425,M,2,Yes,,Lower Manhattan,64%,79%,82%,Yes,,,Accessible,02M425,0
,Leadership Institute,09X276,BX,1,Yes,,Claremont-Bathgate,28%,75%,77%,Yes,,,Not Accessible,09X276,0
,Leon M. Goldstein High School for the Sciences,22K535,BK,1,Yes,,Manhattan Beach,99%,96%,94%,Yes,,,Accessible,22K535,0
,Liberation Diploma Plus High School,21K728,BK,1,Yes,Transfer School,Seagate-Coney Island,N/A,55%,96%,,,,Not Accessible,21K728,0
,Life Academy High School for Film and Music,21K559,BK,1,Yes,,Gravesend,95%,88%,85%,,,Yes,Accessible,21K559,0
,Life Sciences Secondary School,02M655,M,2,Yes,,Yorkville,81%,83%,58%,Yes,,,Not Accessible,02M655,0
,Long Island City High School,30Q450,Q,8,Yes,,Astoria,65%,80%,83%,Yes,DL: Spanish; TBE: Spanish,Yes,Accessible,30Q450,0
,Lower Manhattan Arts Academy,02M308,M,1,Yes,,Chinatown,67%,90%,87%,,,,Not Accessible,02M308,0
,Lyons Community School,14K586,BK,1,Yes,Performance Assessment School,East Williamsburg,65%,80%,86%,,,,Not Accessible,14K586,0
,M.S. 223 The Laboratory School of Finance and Technology,07X223,BX,2,,Performance Assessment School,Mott Haven-Port Morris,N/A,94%,94%,Yes,DL: Spanish,,Not Accessible,07X223,0
,Manhattan / Hunter Science High School,03M541,M,1,Yes,Early College,Lincoln Square,99%,98%,93%,,,,Accessible,03M541,0
,Manhattan Academy for Arts & Language,02M427,M,1,Yes,,Murray Hill-Kips Bay,54%,85%,77%,,TBE: Spanish,,Accessible,02M427,0
,Manhattan Bridges High School,02M542,M,4,Yes,,Clinton,94%,92%,97%,Yes,DL: Spanish; TBE: Spanish,Yes,Accessible,02M542,0
,Manhattan Business Academy,02M392,M,1,Yes,,Chelsea-Union Sq,87%,86%,81%,,,Yes,Accessible,02M392,0
,Manhattan Center for Science and Mathematics,04M435,M,2,Yes,,East Harlem North,95%,93%,93%,Yes,DL: Spanish; TBE: Spanish,,Accessible,04M435,0
,Manhattan Early College School for Advertising,02M280,M,1,Yes,"Early College, 9-14 School",Chinatown,N/A,94%,89%,,,Yes,Accessible,02M280,0
,Manhattan International High School,02M459,M,1,,"Performance Assessment School, School for New Arrivals",Lenox Hill,73%,90%,92%,,,,Accessible,02M459,0
,Manhattan Village Academy,02M439,M,1,Yes,,Chelsea-Union Sq,98%,98%,95%,Yes,,,Not Accessible,02M439,0
,Marble Hill High School for International Studies,10X477,BX,2,Yes,,Spuyten Duyvil-Kingsbridge,91%,94%,82%,Yes,,,Accessible,10X477,0
,Marta Valle High School,01M509,M,1,Yes,,Chinatown,48%,77%,84%,,,,Accessible,01M509,0
,Martin Van Buren High School,26Q435,Q,4,Yes,,Bellerose,55%,84%,67%,Yes,,,Accessible,26Q435,0
,Maspeth High School,24Q585,Q,1,,,Maspeth,97%,92%,89%,Yes,,,Accessible,24Q585,0
,"Mathematics, Science Research and Technology Magnet High School",29Q492,Q,1,Yes,,Cambria Heights,65%,89%,77%,Yes,,,Accessible,29Q492,0
,Medgar Evers College Preparatory School,17K590,BK,2,Yes,,Crown Heights South,96%,94%,84%,Yes,,,Accessible,17K590,0
,Metropolitan Diploma Plus High School,23K647,BK,1,Yes,Transfer School,Brownsville,N/A,68%,94%,,,,Accessible,23K647,0
,Metropolitan Expeditionary Learning School,28Q167,Q,1,,,Forest Hills,N/A,95%,90%,Yes,,,Accessible,28Q167,0
,"Metropolitan High School, The",12X248,BX,1,,,Longwood,65%,83%,85%,Yes,,,Accessible,12X248,0
,Middle College High School at LaGuardia Community College,24Q520,Q,1,Yes,"Performance Assessment School, Early College",Hunters Point-Sunnyside,66%,93%,93%,,,,Accessible,24Q520,0
,Midwood High School,22K405,BK,4,Yes,,Flatbush,91%,94%,86%,Yes,,Yes,Not Accessible,22K405,0
,Millennium Art Academy,08X312,BX,1,Yes,,Castle Hill-Clason Point,61%,86%,85%,Yes,,,Accessible,08X312,0
,Millennium Brooklyn HS,15K684,BK,1,Yes,,Park Slope-Gowanus,95%,94%,90%,Yes,,,Accessible,15K684,0
,Millennium High School,02M418,M,1,Yes,,Lower Manhattan,100%,96%,96%,Yes,,,Accessible,02M418,0
,Monroe Academy for Visual Arts & Design,12X692,BX,1,Yes,,West Farms-Bronx River,52%,77%,74%,,TBE: Spanish,,Accessible,12X692,0
,Morris Academy for Collaborative Studies,09X297,BX,1,,,Morrisania-Melrose,65%,80%,87%,,,,Accessible,09X297,0
,Mott Hall Bronx High School,09X252,BX,1,,,Claremont-Bathgate,80%,86%,86%,,,,Accessible,09X252,0
,Mott Hall High School,05M304,M,1,,,Central Harlem North,69%,87%,81%,,,,Not Accessible,05M304,0
,Mott Hall V,12X242,BX,1,,,West Farms-Bronx River,83%,90%,94%,Yes,,,Accessible,12X242,0
,Mott Haven Village Preparatory High School,07X473,BX,1,,,Melrose S.-Mott Haven N.,45%,80%,87%,Yes,,,Not Accessible,07X473,0
,Multicultural High School,19K583,BK,1,Yes,School for New Arrivals,Cypress Hills,54%,85%,76%,Yes,TBE: Spanish,,Accessible,19K583,0
,Murray Hill Academy,02M432,M,1,Yes,Transfer School,Murray Hill-Kips Bay,N/A,80%,89%,,,,Accessible,02M432,0
,Murry Bergtraum High School for Business Careers,02M520,M,2,Yes,,Chinatown,48%,73%,74%,Yes,"TBE: Chinese, Spanish",Yes,Accessible,02M520,0
,Nelson Mandela High School,16K765,BK,1,,,Bedford-Stuyvesant,N/A,86%,81%,,,,Accessible,16K765,0
,New Design High School,02M543,M,1,,,Chinatown,75%,85%,94%,Yes,,,Not Accessible,02M543,0
,New Directions Secondary School,09X350,BX,1,,Transfer School,E. Concourse-Concourse Village,N/A,66%,99%,,TBE: Spanish,,Accessible,09X350,0
,New Dorp High School,31R440,SI,9,Yes,,New Dorp-Midland Beach,77%,89%,83%,Yes,,Yes,Accessible,31R440,0
,"New Explorations into Science, Technology and Math High School (NEST+m)",01M539,M,1,Yes,,Lower East Side,98%,95%,93%,Yes,,,Not Accessible,01M539,0
,New Explorers High School,07X547,BX,4,Yes,,E. Concourse-Concourse Village,58%,81%,76%,Yes,,,Accessible,07X547,0
,New Utrecht High School,20K445,BK,7,Yes,,Bensonhurst West,74%,88%,81%,Yes,TBE: Chinese,Yes,Accessible,20K445,0
,New World High School,11X513,BX,1,,School for New Arrivals,Williamsbridge-Olinville,88%,91%,86%,,,,Accessible,11X513,0
,Newcomers High School,30Q555,Q,1,,School for New Arrivals,Queensbridge-LIC,72%,91%,88%,Yes,"TBE: Chinese, Spanish",,Not Accessible,30Q555,0
,Newtown High School,24Q455,Q,4,Yes,,Elmhurst,59%,87%,85%,Yes,"TBE: Chinese, Spanish",Yes,Not Accessible,24Q455,0
,NYC iSchool,02M376,M,1,Yes,,SoHo-Tribeca,99%,94%,95%,Yes,,,Not Accessible,02M376,0
,NYC Lab School for Collaborative Studies,02M412,M,1,Yes,,Chelsea-Union Sq,96%,94%,96%,Yes,,,Accessible,02M412,0
,NYC Museum School,02M414,M,1,Yes,,Chelsea-Union Sq,100%,95%,95%,Yes,,,Accessible,02M414,0
,Orchard Collegiate Academy (Henry Street School),01M292,M,1,,,Lower East Side,64%,77%,73%,Yes,,,Accessible,01M292,0
,Origins High School,22K611,BK,1,Yes,,Sheepshead Bay,N/A,89%,83%,,,,Accessible,22K611,0
,Pablo Neruda Academy,08X305,BX,1,Yes,,Castle Hill-Clason Point,59%,84%,74%,Yes,,,Accessible,08X305,0
,Pace High School,02M298,M,1,,,Chinatown,88%,93%,97%,Yes,,,Accessible,02M298,0
,Pan American International High School,24Q296,Q,1,Yes,"Performance Assessment School, School for New Arrivals",Elmhurst,76%,90%,85%,Yes,,,Accessible,24Q296,0
,Pan American International High School at Monroe,12X388,BX,1,,"Performance Assessment School, School for New Arrivals",West Farms-Bronx River,88%,89%,99%,Yes,,,Accessible,12X388,0
,Park East High School,04M495,M,1,Yes,,East Harlem South,97%,92%,97%,Yes,,,Not Accessible,04M495,0
,Park Slope Collegiate,15K464,BK,2,,,Park Slope-Gowanus,65%,89%,81%,,,,Accessible,15K464,0
,Pathways College Preparatory School: A College Board School,29Q259,Q,2,,,Hollis,70%,91%,80%,Yes,,,Not Accessible,29Q259,0
,Pathways in Technology Early College High School (P-TECH),17K122,BK,1,,"Early College, 9-14 School",Crown Heights North,72%,92%,86%,,,Yes,Accessible,17K122,0
,Pelham Lab High School,08X320,BX,1,Yes,,Schuylerville-Throgs Neck,N/A,90%,70%,,,,Accessible,08X320,0
,Pelham Preparatory Academy,11X542,BX,1,Yes,,Bronxdale,86%,93%,81%,Yes,,,Accessible,11X542,0
,Performing Arts and Technology High School,19K507,BK,4,Yes,,East New York,69%,81%,75%,Yes,TBE: Spanish,,Not Accessible,19K507,0
,Port Richmond High School,31R445,SI,8,Yes,,Port Richmond,64%,88%,81%,Yes,DL: Spanish,Yes,Accessible,31R445,0
,Preparatory Academy for Writers: A College Board School,29Q283,Q,1,Yes,,Springfield Gardens North,76%,89%,87%,Yes,,,Accessible,29Q283,0
,Professional Pathways High School,22K630,BK,1,Yes,Transfer School,Sheepshead Bay,N/A,66%,99%,,,,Accessible,22K630,0
,Professional Performing Arts High School (PPAS),02M408,M,4,Yes,,Clinton,98%,94%,89%,Yes,,,Not Accessible,02M408,0
,PROGRESS High School for Professional Careers,14K474,BK,4,Yes,,Bushwick,68%,83%,75%,,TBE: Spanish,,Accessible,14K474,0
,Queens Collegiate: A College Board School,28Q310,Q,1,,,Briarwood-Jamaica Hills,78%,86%,83%,Yes,,,Not Accessible,28Q310,0
,Queens Gateway to Health Sciences Secondary School,28Q680,Q,1,Yes,,Flushing Heights-Hillcrest,98%,96%,88%,Yes,,,Accessible,28Q680,0
,"Queens High School for Information, Research, and Technology",27Q302,Q,2,Yes,,Far Rockaway-Bayswater,55%,86%,76%,,,Yes,Not Accessible,27Q302,0
,Queens High School for Language Studies,25Q241,Q,1,Yes,,Flushing,N/A,94%,94%,Yes,TBE: Chinese,,Not Accessible,25Q241,0
,Queens High School for the Sciences at York College,28Q687,Q,1,Yes,Specialized HS,Jamaica,98%,97%,100%,Yes,,,Accessible,28Q687,0
,"Queens High School of Teaching, Liberal Arts and the Sciences",26Q566,Q,1,Yes,,Bellerose,91%,92%,81%,Yes,,,Accessible,26Q566,0
,Queens Metropolitan High School,28Q686,Q,1,Yes,,Forest Hills,92%,91%,93%,Yes,,,Accessible,28Q686,0
,Queens Preparatory Academy,29Q248,Q,1,,,Springfield Gardens North,76%,87%,72%,Yes,,,Accessible,29Q248,0
,"Queens School of Inquiry, The",25Q252,Q,1,,Early College,Kew Gardens Hills,93%,94%,89%,Yes,,,Not Accessible,25Q252,0
,Queens Vocational and Technical High School,24Q600,Q,5,Yes,,Hunters Point-Sunnyside,80%,91%,83%,Yes,,Yes,Accessible,24Q600,0
,Quest to Learn,02M422,M,2,,,Chelsea-Union Sq,N/A,89%,76%,Yes,,,Accessible,02M422,0
,Rachel Carson High School for Coastal Studies,21K344,BK,1,Yes,,West Brighton,84%,86%,86%,Yes,,,Accessible,21K344,0
,Ralph R. McKee Career and Technical Education High School,31R600,SI,7,Yes,,New Brighton-St. George,63%,87%,84%,Yes,,Yes,Accessible,31R600,0
,Renaissance High School for Musical Theater & Technology,08X293,BX,1,Yes,,Schuylerville-Throgs Neck,74%,83%,84%,Yes,,,Accessible,08X293,0
,Repertory Company High School for Theatre Arts,02M531,M,1,Yes,,Midtown,100%,93%,98%,Yes,,,Accessible,02M531,0
,Richard R. Green High School of Teaching,02M580,M,2,Yes,,Lower Manhattan,62%,85%,84%,Yes,,,Accessible,02M580,0
,Richmond Hill High School,27Q475,Q,3,Yes,,Richmond Hill,55%,85%,76%,Yes,TBE: Spanish,Yes,Not Accessible,27Q475,0
,Riverdale / Kingsbridge Academy (Middle School / High School 141) (RKA),10X141,BX,1,,,Fieldston-Riverdale,79%,91%,80%,Yes,,,Accessible,10X141,0
,Robert F. Kennedy Community High School,25Q670,Q,1,Yes,,Kew Gardens Hills,84%,92%,83%,Yes,,,Not Accessible,25Q670,0
,"Robert F. Wagner, Jr. Secondary School for Arts and Technology",24Q560,Q,2,Yes,,Hunters Point-Sunnyside,83%,91%,94%,Yes,,,Accessible,24Q560,0
,Robert H. Goddard High School of Communication Arts and Technology,27Q308,Q,1,Yes,,Ozone Park,92%,92%,92%,Yes,,,Accessible,27Q308,0
,Rockaway Collegiate High School,27Q351,Q,1,,,Breezy Point-Rockaway Park,53%,81%,66%,Yes,,,Accessible,27Q351,0
,Rockaway Park High School for Environmental Sustainability,27Q324,Q,2,Yes,,Breezy Point-Rockaway Park,54%,78%,78%,Yes,,,Accessible,27Q324,0
,Scholars' Academy,27Q323,Q,1,,,Breezy Point-Rockaway Park,99%,95%,96%,Yes,,,Accessible,27Q323,0
,School for Democracy and Leadership,17K533,BK,2,Yes,,Prospect Lefferts Gardens,54%,80%,81%,,,,Not Accessible,17K533,0
,School for Excellence,09X404,BX,1,Yes,,Morrisania-Melrose,61%,75%,82%,,,,Accessible,09X404,0
,School for International Studies,15K497,BK,2,Yes,,DUMBO-Downtown Brooklyn,65%,87%,65%,Yes,DL: French,Yes,Not Accessible,15K497,0
,School for Legal Studies,14K477,BK,2,Yes,,Bushwick,40%,78%,76%,Yes,TBE: Spanish,Yes,Accessible,14K477,0
,School for Tourism and Hospitality,08X559,BX,1,,,Morrisania-Melrose,N/A,83%,85%,,,,Accessible,08X559,0
,School of the Future High School,02M413,M,1,Yes,Performance Assessment School,Gramercy,97%,94%,94%,Yes,,,Accessible,02M413,0
,Schuylerville Preparatory High School,08X348,BX,1,,,Schuylerville-Throgs Neck,N/A,90%,85%,,,,Accessible,08X348,0
,"Science Skills Center High School for Science, Technology and the Creative Arts",13K419,BK,6,Yes,,DUMBO-Downtown Brooklyn,73%,90%,76%,Yes,,Yes,Accessible,13K419,0
,"Science, Technology and Research Early College High School at Erasmus (STAR)",17K543,BK,1,Yes,Early College,Flatbush,97%,96%,88%,Yes,,Yes,Accessible,17K543,0
,Secondary School for Journalism,15K463,BK,1,Yes,,Park Slope-Gowanus,64%,80%,83%,,,,Accessible,15K463,0
,South Bronx Preparatory: A College Board School,07X221,BX,1,,,Mott Haven-Port Morris,92%,90%,91%,Yes,,,Not Accessible,07X221,0
,Special Music School,03M859,M,1,Yes,,Lincoln Square,N/A,96%,90%,,,,Not Accessible,03M859,0
,Spring Creek Community School,19K422,BK,2,,,Bergen Beach,N/A,91%,90%,,,,Accessible,19K422,0
,Staten Island Technical High School,31R605,SI,1,Yes,Specialized HS,New Dorp-Midland Beach,99%,97%,99%,Yes,,Yes,Accessible,31R605,0
,Stephen T. Mather Building Arts & Craftsmanship High School,02M139,M,1,Yes,,Clinton,N/A,88%,85%,,,Yes,Not Accessible,02M139,0
,Stuyvesant High School,02M475,M,1,Yes,Specialized HS,Lower Manhattan,99%,97%,96%,Yes,,,Accessible,02M475,0
,Sunset Park High School,15K667,BK,1,,,Sunset Park West,67%,86%,85%,Yes,,,Accessible,15K667,0
,Susan E. Wagner High School,31R460,SI,8,Yes,,Todt Hill-Heartland Village,79%,91%,80%,Yes,,Yes,Accessible,31R460,0
,Talent Unlimited High School,02M519,M,5,Yes,,Lenox Hill-Roosevelt Is,96%,93%,94%,Yes,,Yes,Accessible,02M519,0
,Teachers Preparatory High School,23K697,BK,2,Yes,,Brownsville,68%,82%,74%,Yes,,,Accessible,23K697,0
,The Bronxwood Preparatory Academy,11X514,BX,1,,,Williamsbridge-Olinville,63%,91%,76%,Yes,,,Accessible,11X514,0
,The Brooklyn Academy of Global Finance,16K688,BK,1,,,Bedford-Stuyvesant,62%,81%,87%,,,Yes,Not Accessible,16K688,0
,The Brooklyn School for Math and Research (BSMARt),32K168,BK,1,Yes,,Bushwick,77%,88%,80%,Yes,,,Accessible,32K168,0
,The Cinema School,12X478,BX,1,Yes,,West Farms-Bronx River,98%,90%,94%,Yes,,,Accessible,12X478,0
,The College Academy,06M462,M,1,Yes,,Washington Heights N.,52%,85%,86%,Yes,TBE: Spanish,,Accessible,06M462,0
,The Global Learning Collaborative,03M403,M,1,,,Upper West Side,77%,87%,83%,Yes,,,Accessible,03M403,0
,"The High School for Enterprise, Business and Technology",14K478,BK,4,Yes,,Bushwick,76%,89%,92%,Yes,TBE: Spanish,Yes,Accessible,14K478,0
,The High School for Global Citizenship,17K528,BK,4,Yes,,Crown Heights South,59%,87%,85%,Yes,,,Accessible,17K528,0
,The High School For Language And Diplomacy,02M399,M,1,Yes,,Gramercy,71%,87%,75%,Yes,,,Accessible,02M399,0
,The High School of Fashion Industries,02M600,M,3,Yes,,Chelsea-Union Sq,91%,94%,90%,Yes,,Yes,Accessible,02M600,0
,"The Marie Curie School for Medicine, Nursing, and Health Professions",10X237,BX,1,,,Van Cortlandt Village,69%,86%,81%,Yes,,,Not Accessible,10X237,0
,The Maxine Greene High School for Imaginative Inquiry,03M299,M,1,Yes,,Lincoln Square,78%,83%,83%,Yes,,Yes,Accessible,03M299,0
,The Metropolitan Soundview High School,12X521,BX,1,,,West Farms-Bronx River,76%,79%,85%,Yes,,,Accessible,12X521,0
,The Michael J. Petrides School,31R080,SI,2,,,Todt Hill-Heartland Village,83%,90%,86%,Yes,,,Accessible,31R080,0
,"The School for Classics: An Academy of Thinkers, Writers and Performers",19K683,BK,2,Yes,,East New York,81%,84%,81%,,,,Not Accessible,19K683,0
,The School for Human Rights,17K531,BK,1,Yes,,Prospect Lefferts Gardens,81%,91%,86%,Yes,,,Not Accessible,17K531,0
,The Urban Assembly Bronx Academy of Letters,07X551,BX,1,Yes,,Mott Haven-Port Morris,64%,83%,79%,Yes,,,Accessible,07X551,0
,The Urban Assembly School for Collaborative Healthcare,19K764,BK,1,Yes,,Cypress Hills,N/A,89%,62%,,,Yes,Accessible,19K764,0
,The Urban Assembly School for Emergency Management,02M135,M,1,,,Chinatown,N/A,88%,93%,Yes,,Yes,Accessible,02M135,0
,The Urban Assembly School for Global Commerce,05M157,M,1,Yes,,Central Harlem North,N/A,89%,86%,Yes,,Yes,Accessible,05M157,0
,The Urban Assembly School for Green Careers,03M402,M,1,Yes,,Upper West Side,66%,84%,78%,Yes,,Yes,Accessible,03M402,0
,The Urban Assembly School for Law and Justice,13K483,BK,1,Yes,,DUMBO-Downtown Brooklyn,86%,92%,90%,Yes,,,Accessible,13K483,0
,Theater Arts Production Company School (TaPCO),10X225,BX,5,Yes,,Mount Hope,77%,89%,84%,Yes,,,Accessible,10X225,0
,Thomas A. Edison Career and Technical Education High School,28Q620,Q,7,Yes,,Briarwood-Jamaica Hills,89%,94%,81%,Yes,,Yes,Accessible,28Q620,0
,Thurgood Marshall Academy for Learning and Social Change,05M670,M,1,Yes,,Central Harlem North,81%,92%,80%,Yes,,,Accessible,05M670,0
,Tottenville High School,31R455,SI,4,Yes,,Annadale-Huguenot-Princes Bay,86%,91%,80%,Yes,,Yes,Accessible,31R455,0
,Townsend Harris High School,25Q525,Q,1,Yes,,Kew Gardens Hills,100%,98%,97%,Yes,,Yes,Accessible,25Q525,0
,Transit Tech Career and Technical Education High School,19K615,BK,7,Yes,,East New York,58%,86%,69%,Yes,,Yes,Accessible,19K615,0
,Union Square Academy for Health Sciences,02M533,M,2,,,Gramercy,N/A,91%,84%,Yes,,Yes,Accessible,02M533,0
,Unity Center for Urban Technologies,02M500,M,1,Yes,,Murray Hill-Kips Bay,79%,86%,92%,Yes,,,Accessible,02M500,0
,University Heights Secondary School,07X495,BX,2,Yes,Performance Assessment School,Melrose S.-Mott Haven N.,97%,93%,93%,Yes,,,Not Accessible,07X495,0
,University Neighborhood High School,01M448,M,3,Yes,,Lower East Side,84%,88%,91%,Yes,,,Not Accessible,01M448,0
,Urban Action Academy,18K642,BK,1,,,Canarsie,60%,84%,83%,Yes,,Yes,Not Accessible,18K642,0
,"Urban Assembly Academy of Government and Law, The",02M305,M,1,Yes,,Chinatown,87%,86%,86%,Yes,,,Not Accessible,02M305,0
,Urban Assembly Gateway School for Technology,02M507,M,1,,,Clinton,89%,90%,91%,Yes,,Yes,Not Accessible,02M507,0
,Urban Assembly High School of Music and Art,13K350,BK,1,Yes,,DUMBO-Downtown Brooklyn,56%,82%,82%,Yes,,,Accessible,13K350,0
,Urban Assembly Institute of Math and Science for Young Women,13K527,BK,1,Yes,Female Students Only,DUMBO-Downtown Brooklyn,84%,91%,89%,,,,Accessible,13K527,0
,Urban Assembly Maker Academy,02M282,M,1,Yes,,Chinatown,N/A,91%,90%,,,Yes,Accessible,02M282,0
,Urban Assembly New York Harbor School,02M551,M,2,Yes,,Governors Island,78%,90%,89%,Yes,,Yes,Accessible,02M551,0
,"Urban Assembly School for Applied Math and Science, The",09X241,BX,1,,,Claremont-Bathgate,88%,90%,87%,Yes,,,Accessible,09X241,0
,Urban Assembly School for Careers in Sports,07X548,BX,1,Yes,,E. Concourse-Concourse Village,79%,80%,90%,Yes,,,Accessible,07X548,0
,Urban Assembly School for Criminal Justice,20K609,BK,1,Yes,Female Students Only,Borough Park,90%,91%,89%,Yes,,,Accessible,20K609,0
,"Urban Assembly School for Media Studies, The",03M307,M,1,Yes,,Lincoln Square,72%,84%,86%,Yes,,,Accessible,03M307,0
,Urban Assembly School for the Performing Arts,05M369,M,1,Yes,,Manhattanville,77%,81%,87%,Yes,,,Not Accessible,05M369,0
,Urban Assembly School for Wildlife Conservation,12X372,BX,1,,,East Tremont,77%,84%,82%,Yes,,,Not Accessible,12X372,0
,"Urban Assembly School of Business for Young Women, The",02M316,M,2,Yes,Female Students Only,Lower Manhattan,76%,80%,85%,Yes,,,Accessible,02M316,0
,"Urban Assembly School of Design and Construction, The",02M300,M,1,,,Clinton,62%,83%,84%,Yes,,,Accessible,02M300,0
,Validus Preparatory Academy: An Expeditionary Learning School,09X263,BX,1,,,Claremont-Bathgate,62%,84%,91%,Yes,,,Accessible,09X263,0
,Vanguard High School,02M449,M,1,,Performance Assessment School,Lenox Hill,73%,87%,94%,Yes,,,Accessible,02M449,0
,Veritas Academy,25Q240,Q,1,Yes,,Flushing,N/A,91%,81%,Yes,,,Not Accessible,25Q240,0
,Victory Collegiate High School,18K576,BK,1,Yes,,Canarsie,73%,91%,94%,Yes,,,Accessible,18K576,0
,W. H. Maxwell Career and Technical Education High School,19K660,BK,3,Yes,,East New York,58%,73%,83%,Yes,,Yes,Accessible,19K660,0
,W.E.B. DuBois Academic High School,17K489,BK,1,Yes,Transfer School,Crown Heights,N/A,62%,84%,,,,Accessible,17K489,0
,Wadleigh Secondary School for the Performing & Visual Arts,03M415,M,6,Yes,,Central Harlem South,64%,78%,84%,Yes,,,Accessible,03M415,0
,Washington Heights Expeditionary Learning School (WHEELS),06M348,M,1,,,Washington Heights N.,74%,86%,94%,Yes,DL: Spanish,,Accessible,06M348,0
,West Bronx Academy for the Future,10X243,BX,1,,,Belmont,82%,88%,81%,Yes,,,Accessible,10X243,0
,Westchester Square Academy,08X558,BX,2,Yes,,Schuylerville-Throgs Neck,N/A,87%,80%,Yes,,,Accessible,08X558,0
,William Cullen Bryant High School,30Q445,Q,5,Yes,,Astoria,68%,88%,76%,Yes,TBE: Spanish,Yes,Not Accessible,30Q445,0
,William E. Grady Career and Technical Education High School,21K620,BK,5,Yes,,Brighton Beach,62%,82%,76%,Yes,,Yes,Not Accessible,21K620,0
,Williamsburg High School for Architecture and Design,14K558,BK,1,,,Williamsburg,93%,92%,98%,Yes,,Yes,Accessible,14K558,0
,Williamsburg Preparatory School,14K561,BK,1,Yes,,Williamsburg,91%,91%,91%,Yes,,,Accessible,14K561,0
,Wings Academy,12X684,BX,1,,,East Tremont,62%,82%,77%,Yes,,,Accessible,12X684,0
,Women's Academy of Excellence,08X282,BX,1,,Female Students Only,Castle Hill-Clason Point,61%,79%,63%,,,,Accessible,08X282,0
,World Academy for Total Community Health High School (WATCH),19K510,BK,3,Yes,,East New York,68%,81%,76%,Yes,,Yes,Not Accessible,19K510,0
,World Journalism Preparatory: A College Board School,25Q285,Q,2,,,Auburndale,97%,92%,88%,Yes,,,Accessible,25Q285,0
,World View High School,10X353,BX,2,Yes,,Van Cortlandt Village,N/A,90%,81%,,TBE: Spanish,,Accessible,10X353,0
,York Early College Academy,28Q284,Q,1,,Early College,South Jamaica,94%,96%,91%,,,,Accessible,28Q284,0
,Young WomenÕs Leadership School (TYWLS),04M610,M,1,Yes,Female Students Only,East Harlem South,99%,95%,90%,Yes,,,Accessible,04M610,0
,Young Women's Leadership School of Brooklyn (TYWLS),14K614,BK,1,,Female Students Only,Bushwick,100%,92%,90%,Yes,,,Not Accessible,14K614,0
,Young Women's Leadership School of the Bronx (TYWLS),09X568,BX,1,Yes,Female Students Only,Mount Hope,N/A,94%,92%,,,,Not Accessible,09X568,0
,"Young Women's Leadership School, Astoria (TYWLS)",30Q286,Q,1,Yes,Female Students Only,Old Astoria,96%,94%,97%,,,,Accessible,30Q286,0
,"Young Women's Leadership School, Queens (TYWLS)",28Q896,Q,1,,Female Students Only,Briarwood-Jamaica Hills,88%,91%,84%,Yes,,,Accessible,28Q896,0