Bookmarked Schools,School Name,School DBN,AP Courses Offered,,,,,,,,,,,,
,,,Arts,English,Government,History,Languages,Math,Science,Social Science,,,,,
,“47” The American Sign Language and English Secondary School,02M047,,English,,,,,Biology,,,,,,
,A. Philip Randolph Campus High School,06M540,,English,,,Spanish,Calculus,Biology,"Economics, Psychology",,,,,
,Abraham Lincoln High School,21K410,,English,,World History,,"Calculus, Statistics",Environmental Science,Human Geography,,,,,
,Academy for Careers in Television and Film (ACTV),30Q301,,English,,US History,,Calculus,Environmental Science,Psychology,,,,,
,Academy for College Preparation and Career Exploration: A College Board School,17K382,,English,,,,,Biology,,,,,,
,Academy for Conservation and the Environment,18K637,,English,,US History,,Calculus,Environmental Science,,,,,,
,Academy for Environmental Leadership,32K403,Studio Art,English,,,,,,,,,,,
,Academy for Language and Technology,09X365,,,US Government and Politics,,,,Environmental Science,,,,,,
,Academy for Scholarship and Entrepreneurship: A College Board School,11X270,,English,US Government and Politics,"US History, World History",,,"Biology, Environmental Science",,,,,,
,Academy for Social Action,05M367,Art History,,,,,,,,,,,,
,Academy for Software Engineering (AFSE),02M546,,English,US Government and Politics,,,"Calculus, Computer Science","Chemistry, Physics",,,,,,
,Academy for Young Writers,19K404,,English,US Government and Politics,,,Computer Science,,,,,,,
,Academy of American Studies,30Q575,,English,US Government and Politics,US History,Spanish,,Environmental Science,"Economics, Human Geography",,,,,
,Academy of Finance and Enterprise,24Q264,,English,US Government and Politics,"US History, World History",Spanish,"Calculus, Statistics",Chemistry,,,,,,
,Academy of Innovative Technology,19K618,,,,US History,Spanish,"Calculus, Computer Science",Biology,,,,,,
,Academy of Urban Planning,32K552,,English,,US History,Spanish,Calculus,Biology,Economics,,,,,
,ACORN Community High School,13K499,Studio Art,,,,,,Biology,,,,,,
,Alfred E. Smith Career and Technical Education High School,07X600,,English,,,,,Environmental Science,,,,,,
,All City Leadership Secondary School,32K554,,,Comparative Government and Politics,,,,,Psychology,,,,,
,Antonia Pantoja Preparatory Academy: A College Board School,08X376,,English,,,,Calculus,,,,,,,
,Art and Design High School,02M630,,English,,"US History, World History",Spanish,Calculus,"Biology, Chemistry",,,,,,
,Astor Collegiate Academy,11X299,Studio Art,English,,US History,Spanish,Statistics,Biology,,,,,,
,August Martin High School,27Q400,,,,,,Statistics,Environmental Science,,,,,,
,Automotive High School,14K610,,English,,US History,,,,Psychology,,,,,
,Aviation Career & Technical Education High School,24Q610,,English,US Government and Politics,"US History, World History",,Calculus,"Chemistry, Environmental Science, Physics",,,,,,
,Baruch College Campus High School,02M411,,English,Comparative Government and Politics,US History,,Calculus,Biology,,,,,,
,Bayside High School,26Q495,Art History,,"Comparative Government and Politics, US Government and Politics",World History,"Chinese, Latin",,"Chemistry, Physics",Psychology,,,,,
,Beacon High School,03M479,,,,,Spanish,Calculus,"Biology, Chemistry, Physics",,,,,,
,Bedford Academy High School,13K595,Music Theory,English,,US History,,Calculus,"Biology, Environmental Science",,,,,,
,Belmont Preparatory High School,10X434,,English,,US History,Spanish,Calculus,Environmental Science,,,,,,
,Benjamin Banneker Academy,13K670,Music Theory,English,,World History,,Calculus,Biology,,,,,,
,Benjamin N. Cardozo High School,26Q415,,English,US Government and Politics,"US History, World History",Spanish,"Calculus, Statistics","Biology, Chemistry, Environmental Science, Physics","Economics, Psychology",,,,,
,Bronx Academy for Software Engineering (BASE),10X264,,,,,,Computer Science,,,,,,,
,Bronx Aerospace High School,11X545,,English,,,Spanish,Calculus,,,,,,,
,Bronx Bridges High School,08X432,,English,,"US History, World History",Spanish,Calculus,"Biology, Chemistry",,,,,,
,Bronx Center for Science and Mathematics,09X260,,English,,"US History, World History",,Calculus,"Biology, Environmental Science",,,,,,
,Bronx Collegiate Academy,09X227,,,,"European History, US History",Spanish,,Biology,,,,,,
,Bronx Design and Construction Academy,07X522,,English,,US History,,,"Biology, Physics",,,,,,
,Bronx Engineering and Technology Academy,10X213,,English,,US History,,,Biology,,,,,,
,Bronx Envision Academy,12X511,,English,,,,,Biology,,,,,,
,Bronx High School for Law and Community Service,10X439,,English,,World History,Spanish,Calculus,Chemistry,,,,,,
,Bronx High School for the Visual Arts,11X418,,English,,,,,Environmental Science,,,,,,
,Bronx High School for Writing and Communication Arts,11X253,,English,,World History,,,Environmental Science,,,,,,
,Bronx High School of Science,10X445,"Art History, Music Theory",English,US Government and Politics,"European History, US History, World History","Chinese, French, Italian, Japanese, Latin, Spanish","Calculus, Computer Science, Statistics","Biology, Chemistry, Physics",Economics,,,,,
,Bronx International High School,09X403,,,,,French,Calculus,,,,,,,
,Bronx Latin,12X267,,,,US History,,Statistics,,,,,,,
,Bronx Leadership Academy High School,09X525,,,,,,,Biology,,,,,,
,Bronx Leadership Academy II High School,07X527,,English,,US History,,,,,,,,,
,"Bronx School for Law, Government and Justice",09X505,,English,US Government and Politics,,,,,,,,,,
,Bronx School of Law and Finance,10X284,,,,,,"Calculus, Statistics",Environmental Science,,,,,,
,Bronx Studio School for Writers and Artists,08X269,,,US Government and Politics,,,,Environmental Science,,,,,,
,Bronx Theatre High School,10X546,,English,,,"French, Spanish",,,,,,,,
,Bronxdale High School,11X508,,English,US Government and Politics,US History,,,Biology,Economics,,,,,
,Brooklyn Academy of Science and the Environment,17K547,,English,,US History,,"Calculus, Statistics",,,,,,,
,Brooklyn Collegiate: A College Board School,23K493,,,,US History,,Calculus,Biology,,,,,,
,"Brooklyn Community High School of Communication, Arts and Media (BCAM)",13K412,,English,,US History,,,,,,,,,
,Brooklyn Generation School,18K566,Art History,,,,,,,,,,,,
,Brooklyn High School for Law and Technology,16K498,,English,,,Spanish,,,,,,,,
,Brooklyn High School of the Arts,15K656,,English,,"US History, World History",,,Biology,Human Geography,,,,,
,Brooklyn Institute for Liberal Arts (BILA),17K745,,English,,,,,,,,,,,
,Brooklyn Lab School,19K639,Studio Art,,,,Spanish,,,,,,,,
,Brooklyn Preparatory High School,14K488,Studio Art,English,,"European History, US History",Spanish,Calculus,Chemistry,Psychology,,,,,
,Brooklyn School for Music & Theatre,17K548,,English,,US History,,,Environmental Science,,,,,,
,Brooklyn Studio Secondary School,21K690,,English,,US History,,,,,,,,,
,Brooklyn Technical High School,13K430,Studio Art,English,US Government and Politics,"European History, US History, World History","Chinese, Spanish","Calculus, Computer Science, Statistics","Biology, Chemistry, Environmental Science, Physics","Economics, Human Geography, Psychology",,,,,
,Brooklyn Theatre Arts High School,18K567,,English,,,,Statistics,,,,,,,
,Bushwick School for Social Justice,32K549,,English,,US History,Spanish,,Environmental Science,,,,,,
,Business Of Sports School (BOSS),02M393,,English,,US History,,,Environmental Science,Psychology,,,,,
,Cambria Heights Academy,29Q326,,,,World History,,,,,,,,,
,"Celia Cruz Bronx High School of Music, The",10X442,,English,,,Spanish,,Biology,Economics,,,,,
,Central Park East High School,04M555,,English,,US History,,"Calculus, Statistics",Environmental Science,,,,,,
,Channel View School for Research,27Q262,,English,,US History,,,"Biology, Environmental Science",Psychology,,,,,
,Chelsea Career and Technical Education High School,02M615,,English,,US History,,Calculus,,Psychology,,,,,
,Civic Leadership Academy,24Q293,,English,,US History,,,,,,,,,
,Clara Barton High School,17K600,,English,US Government and Politics,"US History, World History",,,Biology,,,,,,
,Claremont International HS,09X564,,,,,"French, Spanish",,,,,,,,
,Coalition School for Social Change,04M409,,English,,,,Statistics,"Biology, Environmental Science",,,,,,
,Cobble Hill School of American Studies,15K519,,English,US Government and Politics,"US History, World History",,,,,,,,,
,Collegiate Institute for Math and Science (CIMS),11X288,Studio Art,English,,US History,Spanish,"Calculus, Statistics","Chemistry, Physics",,,,,,
,Columbia Secondary School,05M362,,English,,US History,Spanish,,"Biology, Environmental Science, Physics",,,,,,
,Community Health Academy of the Heights,06M346,Studio Art,English,,,Spanish,,,,,,,,
,Comprehensive Model School Project M.S. 327,09X327,,English,,European History,,,Biology,,,,,,
,CSI High School for International Studies,31R047,Studio Art,English,Comparative Government and Politics,US History,,Calculus,Biology,,,,,,
,Curtis High School,31R450,,English,,European History,,Calculus,,,,,,,
,Cypress Hills Collegiate Preparatory School,19K659,,English,US Government and Politics,World History,Spanish,,Biology,,,,,,
,DeWitt Clinton High School,10X440,,English,US Government and Politics,"European History, US History, World History",Spanish,"Calculus, Statistics","Biology, Chemistry",Economics,,,,,
,Digital Arts and Cinema Technology High School (Brooklyn School for Global Studies),15K429,Art History,English,,,,,,,,,,,
,Discovery High School,10X549,,English,,US History,Spanish,,Environmental Science,,,,,,
,Dr. Susan S. McKinney Secondary School of the Arts,13K265,,English,,,,,,,,,,,
,DreamYard Preparatory School,09X329,,English,,US History,Spanish,,,,,,,,
,Eagle Academy for Young Men II,23K644,Music Theory,English,,US History,,Calculus,Biology,,,,,,
,East Bronx Academy for the Future,12X271,,English,,,,,Chemistry,,,,,,
,East New York Family Academy,19K409,,English,,US History,,Statistics,Environmental Science,,,,,,
,East Side Community School,01M450,,English,,,,Calculus,,,,,,,
,East-West School of International Studies,25Q281,,English,,,,"Calculus, Computer Science",Environmental Science,Psychology,,,,,
,EBC High School for Public Service - Bushwick,32K545,,English,,,,,Chemistry,,,,,,
,Edward R. Murrow High School,21K525,Music Theory,English,US Government and Politics,US History,"Chinese, Italian, Spanish","Calculus, Computer Science, Statistics","Chemistry, Physics",Economics,,,,,
,Eleanor Roosevelt High School,02M416,"Art History, Music Theory",English,Comparative Government and Politics,"US History, World History",,"Calculus, Statistics","Biology, Chemistry",Economics,,,,,
,Esperanza Preparatory Academy,04M372,Studio Art,English,,US History,Spanish,,,,,,,,
,Essex Street Academy,02M294,,,,,Spanish,Calculus,,,,,,,
,Eximius College Preparatory Academy: A College Board School,09X250,,English,,US History,Spanish,Computer Science,,,,,,,
,Expeditionary Learning School for Community Leaders,21K572,,,,,,Calculus,,,,,,,
,Explorations Academy,12X251,,English,,,,,,,,,,,
,Fannie Lou Hamer Freedom High School,12X682,,English,,,,,,,,,,,
,Fiorello H. LaGuardia High School of Music & Art and Performing Arts,03M485,"Art History, Music Theory, Studio Art",English,Comparative Government and Politics,"US History, World History","French, Italian, Japanese, Spanish","Calculus, Statistics","Biology, Chemistry, Environmental Science, Physics","Human Geography, Psychology",,,,,
,Flushing High School,25Q460,,English,,US History,Spanish,Calculus,"Biology, Chemistry, Environmental Science, Physics",Economics,,,,,
,Food and Finance High School,02M288,,English,US Government and Politics,US History,,,Environmental Science,,,,,,
,Fordham High School for the Arts,10X437,"Music Theory, Studio Art",English,US Government and Politics,US History,,,Environmental Science,,,,,,
,Fordham Leadership Academy for Business and Technology,10X438,,,,,,,Environmental Science,,,,,,
,Forest Hills High School,28Q440,Art History,English,US Government and Politics,"US History, World History","Chinese, French, Spanish","Calculus, Computer Science, Statistics","Biology, Environmental Science, Physics","Economics, Human Geography, Psychology",,,,,
,Fort Hamilton High School,20K490,Studio Art,English,US Government and Politics,"US History, World History",Chinese,Calculus,"Biology, Chemistry, Environmental Science, Physics",Psychology,,,,,
,Francis Lewis High School,26Q430,,English,US Government and Politics,"US History, World History","Chinese, Japanese, Spanish","Calculus, Computer Science, Statistics","Biology, Chemistry, Physics","Economics, Human Geography",,,,,
,Frank Sinatra School of the Arts High School,30Q501,,English,,"US History, World History",,Calculus,,,,,,,
,Franklin Delano Roosevelt High School,20K505,,English,,US History,,"Calculus, Statistics","Biology, Chemistry",,,,,,
,Frederick Douglass Academy,05M499,,English,,European History,Spanish,"Calculus, Computer Science, Statistics","Biology, Chemistry, Physics",Economics,,,,,
,Frederick Douglass Academy II Secondary School,03M860,,English,,US History,,Statistics,Environmental Science,,,,,,
,Frederick Douglass Academy III Secondary School,09X517,,English,,US History,Spanish,Calculus,Biology,Psychology,,,,,
,Frederick Douglass Academy VII High School,23K514,,English,,,,,,,,,,,
,Gaynor McCown Expeditionary Learning School,31R064,,English,,"US History, World History",,Calculus,"Biology, Environmental Science",,,,,,
,George Washington Carver High School for the Sciences,29Q272,,English,,US History,,Statistics,Environmental Science,Economics,,,,,
,George Westinghouse Career and Technical Education High School,13K605,,English,,"US History, World History",,,,,,,,,
,Gramercy Arts High School,02M374,,,,US History,,,Environmental Science,"Human Geography, Psychology",,,,,
,Green School: An Academy for Environmental Careers,14K454,,English,,US History,,Statistics,Environmental Science,,,,,,
,Gregorio Luperon High School for Science and Mathematics,06M552,Music Theory,,,,Spanish,"Calculus, Computer Science","Biology, Physics",,,,,,
,Grover Cleveland High School,24Q485,,English,,"European History, US History",Spanish,"Calculus, Statistics","Biology, Chemistry",,,,,,
,Harry S Truman High School,11X455,Studio Art,English,,US History,Spanish,"Calculus, Statistics","Biology, Chemistry",,,,,,
,Harvest Collegiate High School,02M534,,English,,US History,,"Calculus, Statistics",Environmental Science,,,,,,
,Health Opportunities High School,07X670,,English,,"European History, US History",Spanish,,Biology,,,,,,
,Herbert H. Lehman High School,08X405,,English,US Government and Politics,"US History, World History",Spanish,"Calculus, Statistics",Environmental Science,Psychology,,,,,
,"Heritage School, The",04M680,Studio Art,English,,US History,Spanish,,,,,,,,
,High School for Arts and Business,24Q550,Art History,,,"US History, World History",,,,Psychology,,,,,
,High School for Community Leadership,28Q328,,English,,US History,,,Biology,,,,,,
,"High School for Construction Trades, Engineering and Architecture",27Q650,,English,,"US History, World History",,"Calculus, Statistics",Biology,,,,,,
,High School for Dual Language and Asian Studies,02M545,,English,,,Chinese,Calculus,"Biology, Chemistry, Environmental Science",,,,,,
,High School for Environmental Studies,02M400,,English,US Government and Politics,"US History, World History",Spanish,Calculus,"Biology, Chemistry, Environmental Science, Physics","Economics, Human Geography",,,,,
,High School for Excellence and Innovation,06M423,,English,,,,,,,,,,,
,High School for Health Careers and Sciences,06M468,,English,,,,,,,,,,,
,High School for Health Professions and Human Services,02M420,,English,US Government and Politics,"US History, World History",Spanish,Calculus,"Biology, Chemistry",,,,,,
,High School for Innovation in Advertising and Media,18K617,,English,,,,,,,,,,,
,High School for Law and Public Service,06M467,,English,Comparative Government and Politics,"US History, World History",Spanish,Calculus,,Psychology,,,,,
,High School for Law Enforcement and Public Safety,28Q690,,English,,US History,,,Environmental Science,,,,,,
,"High School for Law, Advocacy and Community Justice",03M492,,English,,"US History, World History",Spanish,,Environmental Science,Psychology,,,,,
,"High School for Mathematics, Science and Engineering at City College (HSMSE)",05M692,,English,,World History,German,"Calculus, Computer Science","Chemistry, Environmental Science",,,,,,
,High School for Media and Communications,06M463,,English,US Government and Politics,,,,,,,,,,
,High School for Medical Professions,18K633,,English,,,,Calculus,Biology,Psychology,,,,,
,High School for Public Service: Heroes of Tomorrow,17K546,,English,,"US History, World History",,,Biology,,,,,,
,High School for Service & Learning at Erasmus,17K539,,English,,,,,Biology,,,,,,
,High School for Teaching and the Professions,10X433,,English,,,Spanish,,,,,,,,
,High School for Violin and Dance,09X543,,English,,,,,,,,,,,
,High School for Youth and Community Development at Erasmus,17K537,,,US Government and Politics,,,,Environmental Science,,,,,,
,High School of American Studies at Lehman College,10X696,,English,,"US History, World History",Spanish,Calculus,Chemistry,,,,,,
,High School of Applied Communication,24Q267,,English,,US History,,,,Human Geography,,,,,
,High School of Arts and Technology,03M494,,,,US History,,,"Biology, Environmental Science",Psychology,,,,,
,High School of Computers and Technology,11X275,,English,,US History,,,,,,,,,
,High School of Economics and Finance,02M489,,English,,"European History, US History",Spanish,Calculus,"Biology, Environmental Science",,,,,,
,High School of Hospitality Management,02M296,,English,,,,,,,,,,,
,High School of Language and Innovation,11X509,,,,,Spanish,,,,,,,,
,High School of Sports Management,21K348,,,,,,Calculus,,,,,,,
,High School of Telecommunication Arts and Technology,20K485,,English,,"US History, World History",,"Calculus, Statistics","Biology, Chemistry, Physics",,,,,,
,High School of World Cultures,12X550,,,,,Spanish,,,,,,,,
,Hillcrest High School,28Q505,Art History,English,,World History,"French, Spanish",Calculus,"Biology, Environmental Science",,,,,,
,Hillside Arts & Letters Academy,28Q325,,English,,,,Statistics,Biology,,,,,,
,Holcombe L. Rucker School of Community Research,08X332,,English,,,,,,,,,,,
,Humanities & Arts Magnet High School,29Q498,Studio Art,English,,US History,,,,,,,,,
,Information Technology High School,30Q502,,English,,,,Calculus,,,,,,,
,In-Tech Academy (M.S. / High School 368),10X368,,English,,"US History, World History",Spanish,Statistics,,,,,,,
,International School for Liberal Arts,10X342,Studio Art,English,,,Spanish,Calculus,,,,,,,
,It Takes a Village Academy,18K563,,English,US Government and Politics,US History,,,Biology,,,,,,
,Jacqueline Kennedy Onassis High School,02M529,,English,,US History,Spanish,Calculus,Biology,,,,,,
,Jamaica Gateway to the Sciences,28Q350,,English,,US History,,Calculus,Biology,,,,,,
,James Madison High School,22K425,,English,US Government and Politics,World History,Spanish,"Calculus, Computer Science, Statistics","Biology, Chemistry, Environmental Science","Economics, Human Geography",,,,,
,John Adams High School,27Q480,Music Theory,English,US Government and Politics,US History,Spanish,,"Biology, Chemistry, Environmental Science, Physics",,,,,,
,John Bowne High School,25Q425,,English,US Government and Politics,"European History, US History","Chinese, Spanish","Calculus, Computer Science","Biology, Chemistry, Physics",Economics,,,,,
,John Dewey High School,21K540,Art History,English,,"US History, World History","Chinese, Spanish","Calculus, Computer Science, Statistics","Biology, Chemistry, Environmental Science, Physics",Psychology,,,,,
,John Jay School for Law (Secondary School for Law),15K462,,English,,US History,,,"Biology, Environmental Science",,,,,,
,Juan Morel Campos Secondary School,14K071,,English,,,Spanish,,,,,,,,
,Kingsborough Early College School,21K468,,,,,,Calculus,,,,,,,
,Leadership and Public Service High School,02M425,Art History,English,US Government and Politics,"US History, World History",Spanish,Calculus,Environmental Science,,,,,,
,Leadership Institute,09X276,,English,,,Spanish,,,,,,,,
,Leon M. Goldstein High School for the Sciences,22K535,Music Theory,English,US Government and Politics,"US History, World History",Spanish,"Calculus, Statistics","Biology, Chemistry, Physics",Economics,,,,,
,Life Sciences Secondary School,02M655,,English,US Government and Politics,World History,,Calculus,Biology,,,,,,
,Long Island City High School,30Q450,"Art History, Studio Art",English,US Government and Politics,"US History, World History",Spanish,"Calculus, Statistics","Biology, Chemistry, Environmental Science",Psychology,,,,,
,M.S. 223 The Laboratory School of Finance and Technology,07X223,,English,,,,,,,,,,,
,Manhattan Bridges High School,02M542,,English,,,Spanish,,Environmental Science,Economics,,,,,
,Manhattan Center for Science and Mathematics,04M435,,English,,"US History, World History",Spanish,"Calculus, Computer Science, Statistics","Biology, Chemistry, Environmental Science, Physics",,,,,,
,Manhattan Village Academy,02M439,,English,,"European History, US History, World History",,Calculus,Biology,"Economics, Psychology",,,,,
,Marble Hill High School for International Studies,10X477,,English,,"European History, US History",,Calculus,Biology,,,,,,
,Martin Van Buren High School,26Q435,Studio Art,English,,"US History, World History",Spanish,Calculus,Biology,,,,,,
,Maspeth High School,24Q585,Studio Art,English,US Government and Politics,"US History, World History",Latin,Calculus,"Biology, Physics","Economics, Psychology",,,,,
,"Mathematics, Science Research and Technology Magnet High School",29Q492,,English,,US History,,,Biology,,,,,,
,Medgar Evers College Preparatory School,17K590,,English,"Comparative Government and Politics, US Government and Politics","US History, World History",Chinese,"Calculus, Computer Science, Statistics","Biology, Chemistry, Environmental Science, Physics",Human Geography,,,,,
,Metropolitan Expeditionary Learning School,28Q167,,,US Government and Politics,,Spanish,Calculus,Biology,,,,,,
,"Metropolitan High School, The",12X248,,English,,US History,,,,,,,,,
,Midwood High School,22K405,Art History,English,US Government and Politics,"European History, US History, World History",,"Calculus, Computer Science, Statistics","Biology, Chemistry, Environmental Science, Physics","Economics, Human Geography, Psychology",,,,,
,Millennium Art Academy,08X312,,English,,,,Calculus,,,,,,,
,Millennium Brooklyn HS,15K684,,English,,US History,"French, Spanish",,"Chemistry, Environmental Science",Psychology,,,,,
,Millennium High School,02M418,Studio Art,English,,"US History, World History",,Calculus,,,,,,,
,Mott Hall V,12X242,,English,,US History,,Calculus,,Psychology,,,,,
,Mott Haven Village Preparatory High School,07X473,,English,,US History,,,,,,,,,
,Multicultural High School,19K583,,English,,,Spanish,,Environmental Science,Human Geography,,,,,
,Murry Bergtraum High School for Business Careers,02M520,,English,,,"Chinese, Spanish",,,,,,,,
,New Design High School,02M543,,English,,US History,,,,,,,,,
,New Dorp High School,31R440,,English,,"US History, World History",,"Calculus, Computer Science",Biology,,,,,,
,"New Explorations into Science, Technology and Math High School (NEST+m)",01M539,,English,,"European History, US History, World History","Chinese, Spanish",Calculus,"Biology, Chemistry, Physics","Economics, Psychology",,,,,
,New Explorers High School,07X547,,English,,,,,,Psychology,,,,,
,New Utrecht High School,20K445,,English,US Government and Politics,"US History, World History",,"Calculus, Statistics","Biology, Chemistry, Physics","Economics, Psychology",,,,,
,Newcomers High School,30Q555,,,US Government and Politics,,"Chinese, Spanish",Calculus,,,,,,,
,Newtown High School,24Q455,,English,,,"Chinese, Spanish",Calculus,Biology,,,,,,
,NYC iSchool,02M376,,English,,"US History, World History",,Calculus,Environmental Science,,,,,,
,NYC Lab School for Collaborative Studies,02M412,,English,US Government and Politics,US History,Spanish,"Calculus, Statistics",Environmental Science,Psychology,,,,,
,NYC Museum School,02M414,,,,US History,,Calculus,"Biology, Environmental Science",,,,,,
,Orchard Collegiate Academy (Henry Street School),01M292,,,,US History,,,,,,,,,
,Pablo Neruda Academy,08X305,,,,US History,,,Physics,Human Geography,,,,,
,Pace High School,02M298,,,,US History,,,Environmental Science,,,,,,
,Pan American International High School,24Q296,,,,,Spanish,,Environmental Science,,,,,,
,Pan American International High School at Monroe,12X388,,English,,,Spanish,,,,,,,,
,Park East High School,04M495,,English,,"European History, US History",Spanish,Calculus,Environmental Science,,,,,,
,Pathways College Preparatory School: A College Board School,29Q259,,English,,US History,,,,Economics,,,,,
,Pelham Preparatory Academy,11X542,,English,,,Spanish,,Environmental Science,,,,,,
,Performing Arts and Technology High School,19K507,,English,,,,Calculus,Biology,,,,,,
,Port Richmond High School,31R445,,English,US Government and Politics,World History,,"Calculus, Statistics","Biology, Environmental Science",Psychology,,,,,
,Preparatory Academy for Writers: A College Board School,29Q283,,English,,"US History, World History",,Statistics,"Biology, Environmental Science",,,,,,
,Professional Performing Arts High School (PPAS),02M408,,English,,US History,,,Biology,,,,,,
,Queens Collegiate: A College Board School,28Q310,,English,,US History,,,Biology,Psychology,,,,,
,Queens Gateway to Health Sciences Secondary School,28Q680,,English,US Government and Politics,"US History, World History",,,"Biology, Chemistry, Environmental Science, Physics","Economics, Psychology",,,,,
,Queens High School for Language Studies,25Q241,,,,US History,Chinese,Statistics,,,,,,,
,Queens High School for the Sciences at York College,28Q687,,English,US Government and Politics,"US History, World History","Chinese, Spanish","Calculus, Statistics","Biology, Chemistry, Environmental Science, Physics",,,,,,
,"Queens High School of Teaching, Liberal Arts and the Sciences",26Q566,,English,,US History,,Statistics,,,,,,,
,Queens Metropolitan High School,28Q686,,English,US Government and Politics,"European History, US History",Spanish,Calculus,Biology,,,,,,
,Queens Preparatory Academy,29Q248,,English,,"US History, World History",,,Biology,,,,,,
,"Queens School of Inquiry, The",25Q252,,,,,,,Biology,Psychology,,,,,
,Queens Vocational and Technical High School,24Q600,,English,,European History,,Calculus,"Environmental Science, Physics",,,,,,
,Quest to Learn,02M422,,English,,,,Calculus,Biology,,,,,,
,Rachel Carson High School for Coastal Studies,21K344,,English,US Government and Politics,,,Calculus,Biology,,,,,,
,Ralph R. McKee Career and Technical Education High School,31R600,,English,,,,,,,,,,,
,Renaissance High School for Musical Theater & Technology,08X293,,,US Government and Politics,World History,,,,,,,,,
,Repertory Company High School for Theatre Arts,02M531,Music Theory,English,,US History,,Calculus,"Biology, Environmental Science",,,,,,
,Richard R. Green High School of Teaching,02M580,,English,US Government and Politics,US History,,,,,,,,,
,Richmond Hill High School,27Q475,,English,,,Spanish,Calculus,Biology,,,,,,
,Riverdale / Kingsbridge Academy (Middle School / High School 141) (RKA),10X141,Studio Art,English,,US History,Spanish,"Calculus, Statistics",Biology,Psychology,,,,,
,Robert F. Kennedy Community High School,25Q670,,,,,Spanish,Calculus,,,,,,,
,"Robert F. Wagner, Jr. Secondary School for Arts and Technology",24Q560,,English,,US History,,,,,,,,,
,Robert H. Goddard High School of Communication Arts and Technology,27Q308,,English,,"US History, World History",Spanish,,Environmental Science,Psychology,,,,,
,Rockaway Collegiate High School,27Q351,,English,,,,Statistics,Environmental Science,,,,,,
,Rockaway Park High School for Environmental Sustainability,27Q324,,English,,US History,,,Environmental Science,Psychology,,,,,
,Scholars' Academy,27Q323,"Art History, Music Theory",English,,"US History, World History",,Calculus,"Biology, Chemistry, Physics",Psychology,,,,,
,School for International Studies,15K497,,English,,,,,,,,,,,
,School for Legal Studies,14K477,,English,,US History,,,,,,,,,
,School of the Future High School,02M413,,English,,,,,Environmental Science,,,,,,
,"Science Skills Center High School for Science, Technology and the Creative Arts",13K419,Music Theory,English,,US History,,"Calculus, Computer Science","Biology, Environmental Science",Psychology,,,,,
,"Science, Technology and Research Early College High School at Erasmus (STAR)",17K543,,English,US Government and Politics,,,Calculus,Biology,,,,,,
,South Bronx Preparatory: A College Board School,07X221,,English,US Government and Politics,,,,,Psychology,,,,,
,Staten Island Technical High School,31R605,,English,US Government and Politics,"US History, World History",,"Calculus, Statistics","Biology, Chemistry, Environmental Science, Physics","Economics, Psychology",,,,,
,Stuyvesant High School,02M475,Music Theory,English,Comparative Government and Politics,European History,"Chinese, French, Italian, Japanese, Latin, Spanish","Calculus, Computer Science, Statistics","Biology, Chemistry, Environmental Science, Physics","Economics, Human Geography, Psychology",,,,,
,Sunset Park High School,15K667,,,,World History,Spanish,,,,,,,,
,Susan E. Wagner High School,31R460,,English,US Government and Politics,"US History, World History","French, Spanish",Calculus,Biology,Human Geography,,,,,
,Talent Unlimited High School,02M519,,English,,US History,,,,,,,,,
,Teachers Preparatory High School,23K697,,English,,,,,,,,,,,
,The Bronxwood Preparatory Academy,11X514,,English,,US History,,,,,,,,,
,The Brooklyn School for Math and Research (BSMARt),32K168,,English,,,,Statistics,Biology,,,,,,
,The Cinema School,12X478,,English,,,,,,,,,,,
,The College Academy,06M462,,English,,US History,,,"Biology, Environmental Science",,,,,,
,The Global Learning Collaborative,03M403,,English,,,,Calculus,,,,,,,
,"The High School for Enterprise, Business and Technology",14K478,Music Theory,English,,"US History, World History",,"Calculus, Statistics","Biology, Chemistry",,,,,,
,The High School for Global Citizenship,17K528,,English,,World History,,,Chemistry,,,,,,
,The High School For Language And Diplomacy,02M399,,English,,,French,Calculus,,,,,,,
,The High School of Fashion Industries,02M600,,English,US Government and Politics,US History,Spanish,Calculus,Biology,,,,,,
,"The Marie Curie School for Medicine, Nursing, and Health Professions",10X237,,English,,US History,Spanish,Statistics,Biology,,,,,,
,The Maxine Greene High School for Imaginative Inquiry,03M299,,,US Government and Politics,US History,,,,,,,,,
,The Metropolitan Soundview High School,12X521,,English,,,,Calculus,,,,,,,
,The Michael J. Petrides School,31R080,,English,,World History,,"Calculus, Statistics",Biology,,,,,,
,The School for Human Rights,17K531,,,,,,,Biology,,,,,,
,The Urban Assembly Bronx Academy of Letters,07X551,,English,US Government and Politics,,Spanish,,Environmental Science,,,,,,
,The Urban Assembly School for Emergency Management,02M135,,English,,,,,Environmental Science,,,,,,
,The Urban Assembly School for Global Commerce,05M157,,,,,,,,"Human Geography, Psychology",,,,,
,The Urban Assembly School for Green Careers,03M402,,English,,,,,,,,,,,
,The Urban Assembly School for Law and Justice,13K483,,English,,,,,Environmental Science,Psychology,,,,,
,Theater Arts Production Company School (TaPCO),10X225,,English,,,,,,,,,,,
,Thomas A. Edison Career and Technical Education High School,28Q620,,English,US Government and Politics,"US History, World History",,"Calculus, Statistics",Biology,Psychology,,,,,
,Thurgood Marshall Academy for Learning and Social Change,05M670,,English,,,,,Biology,,,,,,
,Tottenville High School,31R455,,English,US Government and Politics,"US History, World History",,Calculus,"Biology, Chemistry, Physics",Psychology,,,,,
,Townsend Harris High School,25Q525,Music Theory,English,US Government and Politics,"US History, World History","Japanese, Latin, Spanish","Calculus, Statistics","Biology, Environmental Science, Physics","Economics, Human Geography, Psychology",,,,,
,Transit Tech Career and Technical Education High School,19K615,,English,,,,,,,,,,,
,Union Square Academy for Health Sciences,02M533,,English,,US History,,,Biology,,,,,,
,Unity Center for Urban Technologies,02M500,,English,,,,,Environmental Science,,,,,,
,University Heights Secondary School,07X495,,English,,,,Calculus,,,,,,,
,University Neighborhood High School,01M448,Studio Art,English,US Government and Politics,,"Chinese, Spanish",Calculus,,,,,,,
,Urban Action Academy,18K642,,English,,,,,,,,,,,
,"Urban Assembly Academy of Government and Law, The",02M305,,English,,US History,Spanish,,,,,,,,
,Urban Assembly Gateway School for Technology,02M507,,English,,US History,,"Calculus, Statistics","Biology, Chemistry",,,,,,
,Urban Assembly High School of Music and Art,13K350,,English,US Government and Politics,,,,,,,,,,
,Urban Assembly New York Harbor School,02M551,,English,,,,Calculus,,,,,,,
,"Urban Assembly School for Applied Math and Science, The",09X241,,,,,,Calculus,,,,,,,
,Urban Assembly School for Careers in Sports,07X548,,,US Government and Politics,,,Calculus,,,,,,,
,Urban Assembly School for Criminal Justice,20K609,,English,,US History,,Calculus,Environmental Science,,,,,,
,"Urban Assembly School for Media Studies, The",03M307,,,,,,Calculus,,,,,,,
,Urban Assembly School for the Performing Arts,05M369,,English,,,,,,,,,,,
,Urban Assembly School for Wildlife Conservation,12X372,Studio Art,English,,,,,Environmental Science,,,,,,
,"Urban Assembly School of Business for Young Women, The",02M316,,English,,,,,,,,,,,
,"Urban Assembly School of Design and Construction, The",02M300,,English,US Government and Politics,US History,,Statistics,,,,,,,
,Validus Preparatory Academy: An Expeditionary Learning School,09X263,,English,,,,,,,,,,,
,Vanguard High School,02M449,,,,,,Calculus,Physics,,,,,,
,Veritas Academy,25Q240,,English,,World History,Spanish,,,,,,,,
,Victory Collegiate High School,18K576,,English,,,,,,,,,,,
,W. H. Maxwell Career and Technical Education High School,19K660,,English,,,,,Biology,,,,,,
,Wadleigh Secondary School for the Performing & Visual Arts,03M415,,English,,World History,,,,,,,,,
,Washington Heights Expeditionary Learning School (WHEELS),06M348,,English,,,Spanish,"Calculus, Statistics",,,,,,,
,West Bronx Academy for the Future,10X243,Studio Art,English,US Government and Politics,,Spanish,Calculus,,,,,,,
,Westchester Square Academy,08X558,,,,US History,Spanish,,Environmental Science,,,,,,
,William Cullen Bryant High School,30Q445,,,US Government and Politics,"US History, World History",Spanish,"Calculus, Statistics","Biology, Chemistry, Physics",,,,,,
,William E. Grady Career and Technical Education High School,21K620,,English,,US History,,,Biology,,,,,,
,Williamsburg High School for Architecture and Design,14K558,,,,,Spanish,Calculus,Environmental Science,Human Geography,,,,,
,Williamsburg Preparatory School,14K561,,English,,US History,Spanish,Calculus,,,,,,,
,Wings Academy,12X684,,English,US Government and Politics,US History,Spanish,Statistics,,,,,,,
,World Academy for Total Community Health High School (WATCH),19K510,,English,,,,,Biology,,,,,,
,World Journalism Preparatory: A College Board School,25Q285,,English,,"US History, World History",,,Environmental Science,Economics,,,,,
,Young Women’s Leadership School (TYWLS),04M610,,English,US Government and Politics,,Spanish,,,,,,,,
,Young Women's Leadership School of Brooklyn (TYWLS),14K614,,English,,,,Computer Science,Biology,Psychology,,,,,
,"Young Women's Leadership School, Queens (TYWLS)",28Q896,,English,,US History,,Calculus,Environmental Science,,,,,,